-- phpMyAdmin SQL Dump
-- version 4.8.5
-- https://www.phpmyadmin.net/
--
-- Hôte : 127.0.0.1
-- Généré le :  ven. 03 juin 2022 à 00:34
-- Version du serveur :  10.1.38-MariaDB
-- Version de PHP :  7.3.2

SET SQL_MODE = "NO_AUTO_VALUE_ON_ZERO";
SET AUTOCOMMIT = 0;
START TRANSACTION;
SET time_zone = "+00:00";


/*!40101 SET @OLD_CHARACTER_SET_CLIENT=@@CHARACTER_SET_CLIENT */;
/*!40101 SET @OLD_CHARACTER_SET_RESULTS=@@CHARACTER_SET_RESULTS */;
/*!40101 SET @OLD_COLLATION_CONNECTION=@@COLLATION_CONNECTION */;
/*!40101 SET NAMES utf8mb4 */;

--
-- Base de données :  `monex1754335`
--

-- --------------------------------------------------------

--
-- Structure de la table `answers`
--

CREATE TABLE `answers` (
  `id` int(30) NOT NULL,
  `survey_id` int(30) NOT NULL,
  `user_id` int(30) NOT NULL,
  `answer` text NOT NULL,
  `question_id` int(30) NOT NULL,
  `date_created` date DEFAULT NULL,
  `usid` int(11) NOT NULL
) ENGINE=InnoDB DEFAULT CHARSET=latin1;

--
-- Déchargement des données de la table `answers`
--

INSERT INTO `answers` (`id`, `survey_id`, `user_id`, `answer`, `question_id`, `date_created`, `usid`) VALUES
(468, 9, 4, 'gItBq', 101, '2021-12-20', 0),
(469, 9, 4, 'Ymhvn', 103, '2021-12-20', 0),
(470, 9, 4, 'AZlJj', 105, '2021-12-20', 0),
(471, 11, 4, 'baXrR', 100, '2021-11-21', 0),
(472, 10, 4, '4', 106, '2021-12-21', 0),
(473, 11, 4, 'lChTn', 100, '2021-12-21', 0),
(483, 10, 4, '4', 106, '2021-12-21', 0),
(484, 9, 4, 'hqsDn', 101, '2021-12-21', 0),
(485, 9, 4, 'UWiDF', 103, '2021-12-21', 0),
(486, 9, 4, 'XJdKP', 105, '2021-12-21', 0),
(489, 10, 70, '2', 106, '2021-12-24', 0),
(490, 10, 70, '1', 106, '2021-12-24', 0),
(491, 10, 70, '1', 106, '2021-12-24', 0),
(492, 10, 70, '1', 106, '2021-12-24', 0),
(493, 10, 70, '4', 106, '2021-12-24', 0),
(494, 9, 70, 'GbckJ', 101, '2021-12-24', 0),
(495, 9, 70, 'dPQwE', 103, '2021-12-24', 0),
(496, 9, 70, 'AZlJj', 105, '2021-12-24', 0),
(497, 9, 70, 'lqoLa', 101, '2021-12-24', 0),
(498, 9, 70, 'Ymhvn', 103, '2021-12-24', 0),
(499, 9, 70, 'fThXp', 105, '2021-12-24', 0),
(500, 9, 70, 'hqsDn', 101, '2021-12-24', 0),
(501, 9, 70, 'UWiDF', 103, '2021-12-24', 0),
(502, 9, 70, 'XJdKP', 105, '2021-12-24', 0),
(503, 9, 71, 'hqsDn', 101, '2021-12-24', 0),
(504, 9, 71, 'UWiDF', 103, '2021-12-24', 0),
(505, 9, 71, 'XJdKP', 105, '2021-12-24', 0),
(506, 11, 71, 'lChTn', 100, '2021-12-24', 0),
(507, 10, 71, '1', 106, '2021-12-24', 0),
(508, 11, 70, 'lChTn', 100, '2021-12-24', 0),
(509, 10, 70, '1', 106, '2021-12-24', 0),
(510, 10, 70, '4', 106, '2021-12-24', 0),
(511, 9, 70, 'hqsDn', 101, '2021-12-24', 0),
(512, 9, 70, 'UWiDF', 103, '2021-12-24', 0),
(513, 9, 70, 'XJdKP', 105, '2021-12-24', 0),
(514, 10, 70, '2', 106, '2021-12-24', 0),
(525, 10, 70, '2', 106, '2021-12-25', 0),
(526, 11, 70, 'lChTn', 100, '2021-12-25', 0),
(557, 10, 70, '2', 106, '2021-12-25', 0),
(562, 10, 70, '2', 106, '2021-12-26', 0),
(563, 10, 70, '2', 106, '2021-12-26', 0),
(564, 10, 72, '2', 106, '2021-12-26', 0),
(565, 9, 72, 'GbckJ', 101, '2021-12-26', 0),
(566, 9, 72, 'dPQwE', 103, '2021-12-26', 0),
(567, 9, 72, 'kyCzj', 105, '2021-12-26', 0),
(568, 9, 72, 'lqoLa', 101, '2021-12-26', 0),
(569, 9, 72, 'Ymhvn', 103, '2021-12-26', 0),
(570, 9, 72, 'fThXp', 105, '2021-12-26', 0),
(571, 9, 72, 'lqoLa', 101, '2021-12-26', 0),
(572, 9, 72, 'Ymhvn', 103, '2021-12-26', 0),
(573, 9, 72, 'fThXp', 105, '2021-12-26', 0),
(574, 9, 72, 'TuvNe', 101, '2021-12-26', 0),
(575, 9, 72, 'tsOFw', 103, '2021-12-26', 0),
(576, 9, 72, 'kyCzj', 105, '2021-12-26', 0),
(578, 10, 72, '2', 106, '2021-12-26', 0),
(579, 10, 72, '2', 106, '2021-12-26', 0),
(580, 10, 72, '2', 106, '2021-12-26', 0),
(581, 10, 72, '3', 106, '2021-12-26', 0),
(582, 10, 72, '3', 106, '2021-12-26', 0),
(583, 10, 72, '3', 106, '2021-12-26', 0),
(584, 9, 72, 'TuvNe', 101, '2021-12-26', 0),
(585, 9, 72, 'tsOFw', 103, '2021-12-26', 0),
(586, 9, 72, 'kyCzj', 105, '2021-12-26', 0),
(587, 9, 72, 'gItBq', 101, '2021-12-26', 0),
(588, 9, 72, 'dPQwE', 103, '2021-12-26', 0),
(589, 9, 72, 'fThXp', 105, '2021-12-26', 0),
(590, 9, 5, 'lqoLa', 101, '2021-12-27', 0),
(591, 9, 5, 'dPQwE', 103, '2021-12-27', 0),
(592, 9, 5, 'XJdKP', 105, '2021-12-27', 0),
(593, 11, 71, 'lChTn', 100, '2021-12-27', 0),
(594, 11, 71, 'lChTn', 100, '2021-12-27', 0),
(595, 10, 71, '1', 106, '2021-12-27', 0),
(596, 10, 71, '1', 106, '2021-12-27', 0),
(597, 9, 71, 'hqsDn', 101, '2021-12-27', 0),
(598, 9, 71, 'UWiDF', 103, '2021-12-27', 0),
(599, 9, 71, 'XJdKP', 105, '2021-12-27', 0),
(600, 11, 71, 'vGqVf', 100, '2021-12-27', 0),
(601, 11, 71, 'baXrR', 100, '2021-12-27', 0),
(602, 10, 71, '5', 106, '2021-12-27', 0),
(603, 9, 71, 'TuvNe', 101, '2021-12-27', 0),
(604, 9, 71, 'tsOFw', 103, '2021-12-27', 0),
(605, 9, 71, 'kyCzj', 105, '2021-12-27', 0),
(606, 11, 71, 'dntHO', 100, '2021-12-27', 0),
(607, 11, 71, 'dntHO', 100, '2021-12-27', 0),
(608, 11, 71, 'dntHO', 100, '2021-12-27', 0),
(632, 10, 73, '5', 106, '2021-12-28', 0),
(633, 10, 73, '2', 106, '2021-12-28', 0),
(634, 10, 73, '4', 106, '2021-12-28', 0),
(635, 10, 73, '2', 106, '2021-12-28', 0),
(636, 10, 73, '2', 106, '2021-12-28', 0),
(637, 10, 73, '2', 106, '2021-12-28', 0),
(638, 10, 73, '2', 106, '2021-12-28', 0),
(639, 10, 73, '5', 106, '2021-12-28', 0),
(648, 9, 74, 'GbckJ', 101, '2021-12-28', 0),
(649, 9, 74, 'dPQwE', 103, '2021-12-28', 0),
(650, 9, 74, 'fThXp', 105, '2021-12-28', 0),
(651, 9, 74, 'GbckJ', 101, '2021-12-28', 0),
(652, 9, 74, 'dPQwE', 103, '2021-12-28', 0),
(653, 9, 74, 'fThXp', 105, '2021-12-28', 0),
(654, 11, 74, 'BWjkU', 100, '2021-12-28', 0),
(655, 9, 74, 'GbckJ', 101, '2021-12-28', 0),
(656, 9, 74, 'dPQwE', 103, '2021-12-28', 0),
(657, 9, 74, 'fThXp', 105, '2021-12-28', 0),
(658, 10, 74, '4', 106, '2021-12-28', 0),
(659, 10, 74, '4', 106, '2021-12-28', 0),
(660, 10, 74, '4', 106, '2021-12-28', 0),
(661, 10, 74, '4', 106, '2021-12-28', 0),
(662, 10, 74, '4', 106, '2021-12-28', 0),
(663, 10, 74, '4', 106, '2021-12-28', 0),
(664, 10, 74, '4', 106, '2021-12-28', 0),
(665, 10, 74, '4', 106, '2021-12-28', 0),
(666, 10, 74, '4', 106, '2021-12-28', 0),
(667, 9, 73, 'gItBq', 101, '2021-12-28', 0),
(668, 9, 73, 'dPQwE', 103, '2021-12-28', 0),
(669, 9, 73, 'fThXp', 105, '2021-12-28', 0),
(670, 9, 73, 'gItBq', 101, '2021-12-28', 0),
(671, 9, 73, 'dPQwE', 103, '2021-12-28', 0),
(672, 9, 73, 'fThXp', 105, '2021-12-28', 0),
(673, 9, 73, 'hqsDn', 101, '2021-12-28', 0),
(674, 9, 73, 'UWiDF', 103, '2021-12-28', 0),
(675, 9, 73, 'XJdKP', 105, '2021-12-28', 0),
(676, 9, 73, 'TuvNe', 101, '2021-12-28', 0),
(677, 9, 73, 'tsOFw', 103, '2021-12-28', 0),
(678, 9, 73, 'kyCzj', 105, '2021-12-28', 0),
(679, 9, 73, 'gItBq', 101, '2021-12-28', 0),
(680, 9, 73, 'dPQwE', 103, '2021-12-28', 0),
(681, 9, 73, 'AZlJj', 105, '2021-12-28', 0),
(682, 11, 73, 'lChTn', 100, '2021-12-28', 0),
(683, 11, 73, 'vGqVf', 100, '2021-12-28', 0),
(684, 11, 73, 'qsGRh', 100, '2021-12-28', 0),
(685, 10, 73, '2', 106, '2021-12-28', 0),
(686, 10, 73, '2', 106, '2021-12-28', 0),
(687, 10, 73, '5', 106, '2021-12-28', 0),
(688, 10, 73, '4', 106, '2021-12-28', 0),
(689, 10, 73, '2', 106, '2021-12-28', 0),
(690, 10, 74, '2', 106, '2021-12-29', 0),
(691, 10, 73, '2', 106, '2021-12-29', 0),
(692, 9, 73, '', 101, '2021-12-29', 0),
(693, 9, 73, '', 103, '2021-12-29', 0),
(694, 9, 73, '', 105, '2021-12-29', 0),
(695, 9, 73, '', 101, '2021-12-29', 0),
(696, 9, 73, '', 103, '2021-12-29', 0),
(697, 9, 73, '', 105, '2021-12-29', 0),
(698, 9, 73, 'hqsDn', 101, '2021-12-29', 0),
(699, 9, 73, 'dPQwE', 103, '2021-12-29', 0),
(700, 9, 73, 'AZlJj', 105, '2021-12-29', 0),
(701, 10, 76, '2', 106, '2021-12-29', 0),
(702, 9, 76, 'gItBq', 101, '2021-12-29', 0),
(703, 9, 76, 'Ymhvn', 103, '2021-12-29', 0),
(704, 9, 76, 'AZlJj', 105, '2021-12-29', 0),
(705, 11, 76, 'dntHO', 100, '2021-12-29', 0),
(706, 11, 76, 'BWjkU', 100, '2021-12-29', 0),
(707, 11, 76, 'qsGRh', 100, '2021-12-29', 0),
(708, 9, 76, 'hqsDn', 101, '2021-12-29', 0),
(709, 9, 76, '', 103, '2021-12-29', 0),
(710, 9, 76, '', 105, '2021-12-29', 0),
(711, 9, 76, 'hqsDn', 101, '2021-12-29', 0),
(712, 9, 76, 'woXvk', 103, '2021-12-29', 0),
(713, 9, 76, 'XJdKP', 105, '2021-12-29', 0),
(714, 9, 76, 'TuvNe', 101, '2021-12-29', 0),
(715, 9, 76, 'UWiDF', 103, '2021-12-29', 0),
(716, 9, 76, 'AZlJj', 105, '2021-12-29', 0),
(717, 9, 76, 'TuvNe', 101, '2021-12-29', 0),
(718, 9, 76, '', 103, '2021-12-29', 0),
(719, 9, 76, '', 105, '2021-12-29', 0),
(720, 9, 76, 'TuvNe', 101, '2021-12-29', 0),
(721, 9, 76, '', 103, '2021-12-29', 0),
(722, 9, 76, 'XJdKP', 105, '2021-12-29', 0),
(723, 9, 76, 'TuvNe', 101, '2021-12-29', 0),
(724, 9, 76, 'UWiDF', 103, '2021-12-29', 0),
(725, 9, 76, 'XJdKP', 105, '2021-12-29', 0),
(726, 10, 76, '5', 106, '2021-12-29', 0),
(727, 10, 76, '1', 106, '2021-12-29', 0),
(728, 10, 76, '3', 106, '2021-12-29', 0),
(729, 10, 76, '1', 106, '2021-12-29', 0),
(730, 10, 76, '1', 106, '2021-12-29', 0),
(743, 10, 76, '2', 106, '2021-12-29', 0),
(744, 10, 76, '3', 106, '2021-12-29', 0),
(745, 10, 76, '2', 106, '2021-12-29', 0),
(746, 10, 76, '1', 106, '2021-12-29', 0),
(747, 10, 76, '1', 106, '2021-12-29', 0),
(748, 10, 76, '1', 106, '2021-12-29', 0),
(749, 10, 76, '1', 106, '2021-12-29', 0),
(750, 10, 76, '1', 106, '2021-12-29', 0),
(780, 10, 73, '2', 106, '2021-12-29', 0),
(781, 10, 73, '1', 106, '2021-12-29', 0),
(782, 10, 73, '1', 106, '2021-12-29', 0),
(783, 10, 73, '1', 106, '2021-12-29', 0),
(836, 9, 81, 'GbckJ', 101, '2021-12-30', 0),
(837, 9, 81, 'woXvk', 103, '2021-12-30', 0),
(838, 9, 81, 'pYSMz', 105, '2021-12-30', 0),
(839, 9, 81, '', 101, '2021-12-30', 0),
(840, 9, 81, '', 103, '2021-12-30', 0),
(841, 9, 81, 'XJdKP', 105, '2021-12-30', 0),
(842, 9, 81, 'hqsDn', 101, '2021-12-30', 0),
(843, 9, 81, '', 103, '2021-12-30', 0),
(844, 9, 81, '', 105, '2021-12-30', 0),
(845, 9, 81, 'hqsDn', 101, '2021-12-30', 0),
(846, 9, 81, '', 103, '2021-12-30', 0),
(847, 9, 81, 'XJdKP', 105, '2021-12-30', 0),
(848, 9, 81, 'hqsDn', 101, '2021-12-30', 0),
(849, 9, 81, '', 103, '2021-12-30', 0),
(850, 9, 81, 'XJdKP', 105, '2021-12-30', 0),
(851, 10, 81, '1', 106, '2021-12-30', 0),
(852, 10, 81, '1', 106, '2021-12-30', 0),
(853, 10, 81, '4', 106, '2021-12-30', 0),
(854, 10, 81, '1', 106, '2021-12-30', 0),
(855, 10, 81, '1', 106, '2021-12-30', 0),
(856, 10, 81, '1', 106, '2021-12-30', 0),
(857, 10, 81, '3', 106, '2021-12-30', 0),
(858, 10, 81, '3', 106, '2021-12-30', 0),
(859, 10, 81, '3', 106, '2021-12-30', 0),
(860, 10, 81, '3', 106, '2021-12-30', 0),
(861, 10, 81, '2', 106, '2021-12-30', 0),
(862, 10, 81, '3', 106, '2021-12-30', 0),
(863, 10, 81, '4', 106, '2021-12-30', 0),
(864, 10, 81, '5', 106, '2021-12-30', 0),
(865, 10, 81, '2', 106, '2021-12-30', 0),
(866, 9, 83, 'hqsDn', 101, '2021-12-30', 0),
(867, 9, 83, 'Ymhvn', 103, '2021-12-30', 0),
(868, 9, 83, 'pYSMz', 105, '2021-12-30', 0),
(869, 10, 83, '4', 106, '2021-12-30', 0),
(870, 10, 83, '1', 106, '2021-12-30', 0),
(871, 11, 83, 'lChTn', 100, '2021-12-30', 0),
(872, 10, 83, '1', 106, '2021-12-30', 0),
(873, 10, 83, '1', 106, '2021-12-30', 0),
(874, 10, 83, '1', 106, '2021-12-30', 0),
(875, 10, 84, '4', 106, '2021-12-30', 0),
(876, 11, 83, 'qsGRh', 100, '2021-12-30', 0),
(877, 10, 83, '', 106, '2021-12-30', 0),
(878, 10, 83, '4', 106, '2021-12-30', 0),
(879, 9, 83, 'TuvNe', 101, '2021-12-30', 0),
(880, 9, 83, 'tsOFw', 103, '2021-12-30', 0),
(881, 9, 83, 'XJdKP', 105, '2021-12-30', 0),
(882, 9, 83, 'hqsDn', 101, '2021-12-30', 0),
(883, 9, 83, 'UWiDF', 103, '2021-12-30', 0),
(884, 9, 83, 'XJdKP', 105, '2021-12-30', 0),
(909, 9, 71, 'hqsDn', 101, '2021-12-31', 0),
(910, 9, 71, 'woXvk', 103, '2021-12-31', 0),
(911, 9, 71, 'XJdKP', 105, '2021-12-31', 0),
(912, 9, 71, 'hqsDn', 101, '2021-12-31', 0),
(913, 9, 71, 'UWiDF', 103, '2021-12-31', 0),
(914, 9, 71, 'XJdKP', 105, '2021-12-31', 0),
(915, 9, 71, 'TuvNe', 101, '2021-12-31', 0),
(916, 9, 71, 'tsOFw', 103, '2021-12-31', 0),
(917, 9, 71, 'kyCzj', 105, '2021-12-31', 0),
(927, 10, 73, '2', 106, '2022-01-02', 0),
(928, 10, 73, '2', 106, '2022-01-02', 0),
(929, 10, 73, '2', 106, '2022-01-02', 0),
(930, 9, 71, 'hqsDn', 101, '2022-01-03', 0),
(931, 9, 71, 'UWiDF', 103, '2022-01-03', 0),
(932, 9, 71, 'XJdKP', 105, '2022-01-03', 0),
(933, 10, 71, '1', 106, '2022-01-03', 0),
(934, 10, 71, '1', 106, '2022-01-03', 0),
(935, 10, 71, '1', 106, '2022-01-03', 0),
(936, 11, 71, 'lChTn', 100, '2022-01-03', 0),
(937, 11, 71, 'lChTn', 100, '2022-01-03', 0),
(938, 11, 74, 'BWjkU', 100, '2022-01-04', 0),
(939, 9, 74, 'lqoLa', 101, '2022-01-04', 0),
(940, 9, 74, 'UWiDF', 103, '2022-01-04', 0),
(941, 9, 74, 'XJdKP', 105, '2022-01-04', 0),
(942, 10, 74, '3', 106, '2022-01-04', 0),
(943, 10, 71, '4', 106, '2022-01-04', 0),
(944, 10, 81, '3', 106, '2022-01-04', 0),
(945, 10, 81, '3', 106, '2022-01-04', 0),
(946, 10, 107, '3', 106, '2022-01-04', 0),
(947, 10, 107, '2', 106, '2022-01-04', 0),
(948, 10, 107, '4', 106, '2022-01-04', 0),
(949, 10, 107, '4', 106, '2022-01-04', 0),
(950, 10, 107, '2', 106, '2022-01-04', 0),
(951, 10, 107, '2', 106, '2022-01-04', 0),
(952, 10, 107, '2', 106, '2022-01-04', 0),
(953, 10, 74, '3', 106, '2022-01-05', 0),
(954, 10, 74, '3', 106, '2022-01-05', 0),
(955, 11, 71, 'lChTn', 100, '2022-01-05', 0),
(956, 10, 71, '3', 106, '2022-01-05', 0),
(957, 10, 71, '1', 106, '2022-01-05', 0),
(969, 10, 109, '2', 106, '2022-01-06', 0),
(970, 10, 109, '4', 106, '2022-01-06', 0),
(973, 10, 109, '3', 106, '2022-01-06', 0),
(974, 10, 109, '3', 106, '2022-01-06', 0),
(1014, 10, 109, '1', 106, '2022-01-06', 0),
(1018, 10, 109, '2', 106, '2022-01-06', 0),
(1019, 11, 109, '', 100, '2022-01-06', 0),
(1020, 11, 109, 'BWjkU', 100, '2022-01-06', 0),
(1021, 10, 109, '', 106, '2022-01-06', 0),
(1022, 10, 109, '', 106, '2022-01-06', 0),
(1023, 10, 109, '', 106, '2022-01-06', 0),
(1024, 10, 109, '', 106, '2022-01-06', 0),
(1025, 10, 109, '', 106, '2022-01-06', 0),
(1026, 10, 109, '', 106, '2022-01-06', 0),
(1027, 10, 109, '2', 106, '2022-01-06', 0),
(1028, 10, 71, '1', 106, '2022-01-07', 0),
(1029, 9, 73, 'GbckJ', 101, '2022-01-10', 0),
(1030, 9, 73, 'Ymhvn', 103, '2022-01-10', 0),
(1031, 9, 73, 'kyCzj', 105, '2022-01-10', 0),
(1032, 10, 71, '1', 106, '2022-01-10', 0),
(1033, 10, 71, '1', 106, '2022-01-10', 0),
(1034, 10, 71, '1', 106, '2022-01-10', 0),
(1035, 10, 71, '1', 106, '2022-01-10', 0),
(1036, 10, 73, '1', 106, '2022-01-10', 0),
(1037, 10, 73, '1', 106, '2022-01-10', 0),
(1038, 10, 73, '1', 106, '2022-01-10', 0),
(1039, 10, 73, '1', 106, '2022-01-10', 0),
(1040, 10, 73, '5', 106, '2022-01-10', 0),
(1041, 10, 73, '2', 106, '2022-01-10', 0),
(1042, 10, 73, '1', 106, '2022-01-10', 0),
(1043, 10, 73, '1', 106, '2022-01-10', 0),
(1044, 10, 73, '3', 106, '2022-01-10', 0),
(1045, 10, 73, '2', 106, '2022-01-10', 0),
(1046, 10, 73, '4', 106, '2022-01-10', 0),
(1047, 10, 73, '1', 106, '2022-01-10', 0),
(1048, 10, 73, '1', 106, '2022-01-10', 0),
(1049, 10, 73, '1', 106, '2022-01-10', 0),
(1050, 10, 73, '1', 106, '2022-01-10', 0),
(1051, 10, 73, '2', 106, '2022-01-10', 0),
(1052, 10, 73, '1', 106, '2022-01-10', 0),
(1053, 10, 73, '4', 106, '2022-01-10', 0),
(1054, 10, 73, '1', 106, '2022-01-10', 0),
(1055, 10, 73, '5', 106, '2022-01-10', 0),
(1056, 10, 73, '2', 106, '2022-01-10', 0),
(1057, 10, 75, '1', 106, '2022-01-10', 0),
(1058, 10, 75, '2', 106, '2022-01-10', 0),
(1059, 10, 75, '1', 106, '2022-01-10', 0),
(1060, 10, 75, '5', 106, '2022-01-10', 0),
(1061, 10, 75, '1', 106, '2022-01-10', 0),
(1062, 10, 75, '2', 106, '2022-01-10', 0),
(1063, 10, 75, '1', 106, '2022-01-10', 0),
(1064, 10, 73, '2', 106, '2022-01-10', 0),
(1065, 10, 73, '2', 106, '2022-01-10', 0),
(1066, 10, 73, '4', 106, '2022-01-10', 0),
(1067, 10, 73, '2', 106, '2022-01-10', 0),
(1068, 10, 73, '2', 106, '2022-01-10', 0),
(1069, 10, 73, '2', 106, '2022-01-10', 0),
(1070, 10, 73, '2', 106, '2022-01-10', 0),
(1071, 10, 73, '1', 106, '2022-01-10', 0),
(1072, 10, 73, '2', 106, '2022-01-10', 0),
(1073, 10, 73, '4', 106, '2022-01-10', 0),
(1074, 10, 73, '5', 106, '2022-01-10', 0),
(1075, 10, 73, '5', 106, '2022-01-10', 0),
(1076, 10, 73, '5', 106, '2022-01-10', 0),
(1077, 10, 73, '5', 106, '2022-01-10', 0),
(1078, 10, 73, '4', 106, '2022-01-10', 0),
(1079, 10, 73, '4', 106, '2022-01-10', 0),
(1080, 10, 73, '4', 106, '2022-01-10', 0),
(1081, 10, 73, '3', 106, '2022-01-10', 0),
(1082, 10, 73, '3', 106, '2022-01-10', 0),
(1083, 10, 73, '3', 106, '2022-01-10', 0),
(1084, 10, 73, '2', 106, '2022-01-10', 0),
(1085, 10, 73, '2', 106, '2022-01-10', 0),
(1086, 10, 73, '2', 106, '2022-01-10', 0),
(1087, 10, 73, '1', 106, '2022-01-10', 0),
(1088, 10, 73, '1', 106, '2022-01-10', 0),
(1089, 10, 73, '1', 106, '2022-01-10', 0),
(1090, 10, 73, '1', 106, '2022-01-10', 0),
(1091, 10, 73, '2', 106, '2022-01-10', 0),
(1092, 10, 73, '4', 106, '2022-01-10', 0),
(1093, 10, 73, '2', 106, '2022-01-10', 0),
(1094, 10, 73, '2', 106, '2022-01-10', 0),
(1095, 10, 73, '2', 106, '2022-01-10', 0),
(1096, 10, 73, '2', 106, '2022-01-10', 0),
(1097, 10, 73, '2', 106, '2022-01-10', 0),
(1098, 10, 73, '1', 106, '2022-01-10', 0),
(1099, 10, 73, '1', 106, '2022-01-10', 0),
(1100, 10, 73, '1', 106, '2022-01-10', 0),
(1101, 10, 73, '1', 106, '2022-01-10', 0),
(1102, 10, 73, '1', 106, '2022-01-10', 0),
(1103, 10, 73, '1', 106, '2022-01-10', 0),
(1104, 10, 73, '1', 106, '2022-01-10', 0),
(1105, 10, 73, '1', 106, '2022-01-10', 0),
(1106, 10, 73, '1', 106, '2022-01-10', 0),
(1107, 10, 73, '1', 106, '2022-01-10', 0),
(1108, 10, 73, '5', 106, '2022-01-10', 0),
(1109, 10, 73, '1', 106, '2022-01-10', 0),
(1110, 10, 73, '1', 106, '2022-01-10', 0),
(1111, 10, 73, '1', 106, '2022-01-10', 0),
(1112, 10, 73, '1', 106, '2022-01-10', 0),
(1113, 10, 73, '1', 106, '2022-01-10', 0),
(1114, 10, 73, '1', 106, '2022-01-10', 0),
(1115, 10, 73, '2', 106, '2022-01-10', 0),
(1116, 10, 73, '3', 106, '2022-01-10', 0),
(1117, 10, 73, '4', 106, '2022-01-10', 0),
(1118, 10, 73, '1', 106, '2022-01-10', 0),
(1119, 10, 73, '1', 106, '2022-01-10', 0),
(1120, 10, 73, '1', 106, '2022-01-10', 0),
(1121, 10, 73, '2', 106, '2022-01-10', 0),
(1122, 10, 73, '2', 106, '2022-01-10', 0),
(1123, 10, 73, '2', 106, '2022-01-10', 0),
(1124, 10, 73, '2', 106, '2022-01-10', 0),
(1125, 10, 73, '2', 106, '2022-01-10', 0),
(1126, 10, 73, '3', 106, '2022-01-10', 0),
(1127, 10, 73, '2', 106, '2022-01-10', 0),
(1128, 10, 73, '1', 106, '2022-01-10', 0),
(1129, 10, 73, '1', 106, '2022-01-10', 0),
(1130, 10, 73, '5', 106, '2022-01-10', 0),
(1131, 10, 73, '4', 106, '2022-01-10', 0),
(1132, 10, 73, '4', 106, '2022-01-10', 0),
(1133, 10, 73, '4', 106, '2022-01-10', 0),
(1134, 10, 73, '2', 106, '2022-01-10', 0),
(1135, 10, 73, '4', 106, '2022-01-10', 0),
(1136, 10, 73, '2', 106, '2022-01-10', 0),
(1137, 10, 73, '1', 106, '2022-01-10', 0),
(1138, 10, 73, '3', 106, '2022-01-10', 0),
(1139, 10, 73, '3', 106, '2022-01-10', 0),
(1140, 10, 73, '3', 106, '2022-01-10', 0),
(1141, 10, 71, '1', 106, '2022-01-10', 0),
(1142, 10, 73, '2', 106, '2022-01-10', 0),
(1143, 10, 73, '2', 106, '2022-01-10', 0),
(1144, 10, 73, '4', 106, '2022-01-10', 0),
(1145, 10, 73, '1', 106, '2022-01-10', 0),
(1146, 10, 73, '2', 106, '2022-01-10', 0),
(1147, 10, 73, '4', 106, '2022-01-10', 0),
(1148, 10, 73, '3', 106, '2022-01-10', 0),
(1149, 10, 73, '5', 106, '2022-01-10', 0),
(1150, 10, 73, '3', 106, '2022-01-10', 0),
(1151, 10, 73, '1', 106, '2022-01-10', 0),
(1152, 10, 73, '2', 106, '2022-01-10', 0),
(1153, 10, 73, '1', 106, '2022-01-10', 0),
(1154, 10, 73, '4', 106, '2022-01-10', 0),
(1155, 10, 73, '5', 106, '2022-01-10', 0),
(1156, 10, 71, '1', 106, '2022-01-10', 0),
(1157, 11, 71, 'lChTn', 100, '2022-01-10', 0),
(1158, 9, 71, 'hqsDn', 101, '2022-01-10', 0),
(1159, 9, 71, 'Ymhvn', 103, '2022-01-10', 0),
(1160, 9, 71, 'XJdKP', 105, '2022-01-10', 0),
(1161, 9, 71, 'TuvNe', 101, '2022-01-10', 0),
(1162, 9, 71, 'tsOFw', 103, '2022-01-10', 0),
(1163, 9, 71, 'kyCzj', 105, '2022-01-10', 0),
(1164, 10, 71, '3', 106, '2022-01-10', 0),
(1165, 10, 71, '5', 106, '2022-01-10', 0),
(1166, 11, 71, 'BWjkU', 100, '2022-01-10', 0),
(1167, 10, 71, '1', 106, '2022-01-10', 0),
(1168, 9, 71, 'TuvNe', 101, '2022-01-12', 0),
(1169, 9, 71, 'woXvk', 103, '2022-01-12', 0),
(1170, 9, 71, 'fThXp', 105, '2022-01-12', 0),
(1171, 10, 71, '1', 106, '2022-01-12', 0),
(1172, 9, 110, 'GbckJ', 101, '2022-01-12', 0),
(1173, 9, 110, 'UWiDF', 103, '2022-01-12', 0),
(1174, 9, 110, 'kyCzj', 105, '2022-01-12', 0),
(1175, 10, 110, '3', 106, '2022-01-12', 0),
(1176, 10, 110, '1', 106, '2022-01-12', 0),
(1177, 10, 110, '2', 106, '2022-01-12', 0),
(1178, 10, 110, '1', 106, '2022-01-12', 0),
(1179, 10, 110, '1', 106, '2022-01-12', 0),
(1180, 11, 110, 'BWjkU', 100, '2022-01-12', 0),
(1181, 11, 110, 'vGqVf', 100, '2022-01-12', 0),
(1182, 9, 71, 'TuvNe', 101, '2022-01-12', 0),
(1183, 9, 71, 'tsOFw', 103, '2022-01-12', 0),
(1184, 9, 71, 'kyCzj', 105, '2022-01-12', 0),
(1185, 10, 71, '3', 106, '2022-01-12', 0),
(1186, 10, 71, '5', 106, '2022-01-12', 0),
(1187, 10, 71, '2', 106, '2022-01-12', 0),
(1188, 10, 110, '2', 106, '2022-01-12', 0),
(1193, 10, 71, '1', 106, '2022-01-12', 0),
(1194, 10, 71, '1', 106, '2022-01-12', 0),
(1195, 10, 71, '2', 106, '2022-01-12', 0),
(1196, 10, 71, '1', 106, '2022-01-12', 0),
(1197, 10, 71, '2', 106, '2022-01-12', 0),
(1234, 10, 71, '2', 106, '2022-01-12', 0),
(1235, 9, 73, 'TuvNe', 101, '2022-01-12', 0),
(1236, 9, 73, 'tsOFw', 103, '2022-01-12', 0),
(1237, 9, 73, 'kyCzj', 105, '2022-01-12', 0),
(1238, 9, 73, 'hqsDn', 101, '2022-01-12', 0),
(1239, 9, 73, 'tsOFw', 103, '2022-01-12', 0),
(1240, 9, 73, 'XJdKP', 105, '2022-01-12', 0),
(1241, 9, 73, 'TuvNe', 101, '2022-01-12', 0),
(1242, 9, 73, 'UWiDF', 103, '2022-01-12', 0),
(1243, 9, 73, 'XJdKP', 105, '2022-01-12', 0),
(1244, 9, 73, 'lqoLa', 101, '2022-01-12', 0),
(1245, 9, 73, 'Ymhvn', 103, '2022-01-12', 0),
(1246, 9, 73, 'fThXp', 105, '2022-01-12', 0),
(1247, 9, 73, 'gItBq', 101, '2022-01-12', 0),
(1248, 9, 73, 'dPQwE', 103, '2022-01-12', 0),
(1249, 9, 73, 'AZlJj', 105, '2022-01-12', 0),
(1250, 9, 73, 'TuvNe', 101, '2022-01-12', 0),
(1251, 9, 73, 'tsOFw', 103, '2022-01-12', 0),
(1252, 9, 73, 'kyCzj', 105, '2022-01-12', 0),
(1253, 9, 73, 'TuvNe', 101, '2022-01-12', 0),
(1254, 9, 73, 'tsOFw', 103, '2022-01-12', 0),
(1255, 9, 73, 'kyCzj', 105, '2022-01-12', 0),
(1256, 9, 73, 'TuvNe', 101, '2022-01-12', 0),
(1257, 9, 73, '', 103, '2022-01-12', 0),
(1258, 9, 73, 'kyCzj', 105, '2022-01-12', 0),
(1259, 10, 71, '1', 106, '2022-01-12', 0),
(1278, 9, 71, 'GbckJ', 101, '2022-01-14', 0),
(1279, 9, 71, 'UWiDF', 103, '2022-01-14', 0),
(1280, 9, 71, 'kyCzj', 105, '2022-01-14', 0),
(1281, 10, 71, '4', 106, '2022-01-14', 0),
(1282, 9, 71, 'TuvNe', 101, '2022-01-14', 0),
(1283, 9, 71, 'tsOFw', 103, '2022-01-14', 0),
(1284, 9, 71, 'fThXp', 105, '2022-01-14', 0),
(1285, 9, 71, 'TuvNe', 101, '2022-01-14', 0),
(1286, 9, 71, 'tsOFw', 103, '2022-01-14', 0),
(1287, 9, 71, 'kyCzj', 105, '2022-01-14', 0),
(1288, 9, 71, 'GbckJ', 101, '2022-01-14', 0),
(1289, 9, 71, 'tsOFw', 103, '2022-01-14', 0),
(1290, 9, 71, 'pYSMz', 105, '2022-01-14', 0),
(1291, 10, 71, '1', 106, '2022-01-14', 0),
(1292, 9, 71, 'hqsDn', 101, '2022-01-14', 0),
(1293, 9, 71, 'UWiDF', 103, '2022-01-14', 0),
(1294, 9, 71, 'XJdKP', 105, '2022-01-14', 0),
(1295, 9, 71, 'TuvNe', 101, '2022-01-14', 0),
(1296, 9, 71, 'tsOFw', 103, '2022-01-14', 0),
(1297, 9, 71, 'kyCzj', 105, '2022-01-14', 0),
(1298, 9, 71, 'lqoLa', 101, '2022-01-14', 0),
(1299, 9, 71, 'tsOFw', 103, '2022-01-14', 0),
(1300, 9, 71, 'pYSMz', 105, '2022-01-14', 0),
(1301, 10, 71, '1', 106, '2022-01-14', 0),
(1302, 10, 71, '2', 106, '2022-01-14', 0),
(1303, 10, 71, '4', 106, '2022-01-14', 0),
(1304, 10, 71, '5', 106, '2022-01-14', 0),
(1305, 11, 71, 'BWjkU', 100, '2022-01-14', 0),
(1306, 11, 71, 'BWjkU', 100, '2022-01-14', 0),
(1307, 11, 71, 'BWjkU', 100, '2022-01-14', 0),
(1308, 11, 71, 'BWjkU', 100, '2022-01-14', 0),
(1309, 11, 71, 'BWjkU', 100, '2022-01-14', 0),
(1310, 11, 71, 'lChTn', 100, '2022-01-14', 0),
(1311, 11, 71, 'lChTn', 100, '2022-01-14', 0),
(1312, 11, 71, 'lChTn', 100, '2022-01-14', 0),
(1313, 11, 71, 'uOTEp', 100, '2022-01-14', 0),
(1314, 11, 71, 'qsGRh', 100, '2022-01-14', 0),
(1315, 9, 71, 'hqsDn', 101, '2022-01-14', 0),
(1316, 9, 71, 'UWiDF', 103, '2022-01-14', 0),
(1317, 9, 71, 'XJdKP', 105, '2022-01-14', 0),
(1318, 9, 71, 'hqsDn', 101, '2022-01-14', 0),
(1319, 9, 71, 'UWiDF', 103, '2022-01-14', 0),
(1320, 9, 71, 'XJdKP', 105, '2022-01-14', 0),
(1321, 9, 71, 'hqsDn', 101, '2022-01-14', 0),
(1322, 9, 71, 'UWiDF', 103, '2022-01-14', 0),
(1323, 9, 71, 'XJdKP', 105, '2022-01-14', 0),
(1324, 9, 71, 'hqsDn', 101, '2022-01-14', 0),
(1325, 9, 71, 'UWiDF', 103, '2022-01-14', 0),
(1326, 9, 71, 'XJdKP', 105, '2022-01-14', 0),
(1327, 9, 71, 'TuvNe', 101, '2022-01-14', 0),
(1328, 9, 71, 'tsOFw', 103, '2022-01-14', 0),
(1329, 9, 71, 'kyCzj', 105, '2022-01-14', 0),
(1330, 10, 71, '5', 106, '2022-01-14', 0),
(1331, 10, 71, '1', 106, '2022-01-14', 0),
(1332, 11, 71, 'uOTEp', 100, '2022-01-14', 0),
(1346, 10, 71, '5', 106, '2022-01-14', 0),
(1347, 10, 71, '1', 106, '2022-01-14', 0),
(1349, 10, 71, '1', 106, '2022-01-14', 0),
(1350, 10, 110, '3', 106, '2022-01-14', 0),
(1351, 10, 110, '2', 106, '2022-01-14', 0),
(1352, 10, 110, '3', 106, '2022-01-14', 0),
(1353, 10, 110, '4', 106, '2022-01-14', 0),
(1354, 10, 110, '2', 106, '2022-01-14', 0),
(1355, 10, 110, '1', 106, '2022-01-14', 0),
(1356, 10, 110, '2', 106, '2022-01-14', 0),
(1357, 9, 110, 'TuvNe', 101, '2022-01-14', 0),
(1358, 9, 110, 'tsOFw', 103, '2022-01-14', 0),
(1359, 9, 110, 'kyCzj', 105, '2022-01-14', 0),
(1360, 9, 110, 'hqsDn', 101, '2022-01-14', 0),
(1361, 9, 110, 'UWiDF', 103, '2022-01-14', 0),
(1362, 9, 110, 'XJdKP', 105, '2022-01-14', 0),
(1363, 9, 110, 'hqsDn', 101, '2022-01-14', 0),
(1364, 9, 110, 'UWiDF', 103, '2022-01-14', 0),
(1365, 9, 110, 'XJdKP', 105, '2022-01-14', 0),
(1366, 9, 110, 'TuvNe', 101, '2022-01-14', 0),
(1367, 9, 110, 'tsOFw', 103, '2022-01-14', 0),
(1368, 9, 110, 'kyCzj', 105, '2022-01-14', 0),
(1378, 9, 73, '', 101, '2022-01-16', 0),
(1379, 9, 73, '', 103, '2022-01-16', 0),
(1380, 9, 73, 'kyCzj', 105, '2022-01-16', 0),
(1381, 10, 71, '1', 106, '2022-01-17', 0),
(1382, 10, 112, '5', 106, '2022-01-17', 0),
(1383, 10, 112, '1', 106, '2022-01-17', 0),
(1384, 10, 112, '1', 106, '2022-01-17', 0),
(1385, 10, 112, '1', 106, '2022-01-17', 0),
(1388, 10, 112, '1', 106, '2022-01-17', 0),
(1389, 10, 112, '1', 106, '2022-01-17', 0),
(1390, 10, 112, '1', 106, '2022-01-17', 0),
(1391, 10, 112, '1', 106, '2022-01-17', 0),
(1392, 10, 112, '1', 106, '2022-01-17', 0),
(1393, 10, 112, '1', 106, '2022-01-17', 0),
(1394, 10, 112, '1', 106, '2022-01-17', 0),
(1395, 10, 112, '1', 106, '2022-01-18', 0),
(1396, 10, 112, '1', 106, '2022-01-18', 0),
(1397, 10, 71, '1', 106, '2022-01-20', 0),
(1398, 10, 71, '3', 106, '2022-01-20', 0),
(1404, 10, 71, '4', 106, '2022-01-21', 0),
(1405, 10, 113, '1', 106, '2022-01-24', 0),
(1406, 9, 113, 'TuvNe', 101, '2022-01-24', 0),
(1407, 9, 113, 'woXvk', 103, '2022-01-24', 0),
(1408, 9, 113, 'XJdKP', 105, '2022-01-24', 0),
(1409, 9, 113, 'gItBq', 101, '2022-01-24', 0),
(1410, 9, 113, 'dPQwE', 103, '2022-01-24', 0),
(1411, 9, 113, 'AZlJj', 105, '2022-01-24', 0),
(1412, 9, 113, 'lqoLa', 101, '2022-01-24', 0),
(1413, 9, 113, 'Ymhvn', 103, '2022-01-24', 0),
(1414, 9, 113, 'fThXp', 105, '2022-01-24', 0),
(1415, 9, 113, 'lqoLa', 101, '2022-01-24', 0),
(1416, 9, 113, 'Ymhvn', 103, '2022-01-24', 0),
(1417, 9, 113, 'fThXp', 105, '2022-01-24', 0),
(1418, 11, 113, 'lChTn', 100, '2022-01-24', 0),
(1419, 11, 113, 'baXrR', 100, '2022-01-24', 0),
(1420, 11, 113, 'dntHO', 100, '2022-01-24', 0),
(1421, 11, 113, 'BWjkU', 100, '2022-01-24', 0),
(1422, 11, 113, 'dntHO', 100, '2022-01-24', 0),
(1423, 11, 113, 'lChTn', 100, '2022-01-24', 0),
(1424, 10, 113, '1', 106, '2022-01-24', 0),
(1425, 10, 113, '1', 106, '2022-01-24', 0),
(1426, 10, 113, '1', 106, '2022-01-24', 0),
(1427, 10, 113, '1', 106, '2022-01-24', 0),
(1428, 10, 113, '1', 106, '2022-01-24', 0),
(1429, 10, 113, '3', 106, '2022-01-24', 0),
(1430, 10, 113, '1', 106, '2022-01-24', 0),
(1431, 11, 5, 'qsGRh', 100, '2022-01-24', 0),
(1432, 11, 5, 'qsGRh', 100, '2022-01-24', 0),
(1433, 10, 5, '2', 106, '2022-01-24', 0),
(1434, 10, 71, '4', 106, '2022-01-25', 0),
(1435, 10, 114, '1', 106, '2022-01-31', 0),
(1436, 10, 116, '1', 106, '2022-02-03', 0),
(1437, 10, 116, '1', 106, '2022-02-03', 0),
(1438, 10, 116, '1', 106, '2022-02-03', 0),
(1439, 10, 116, '1', 106, '2022-02-03', 0),
(1440, 10, 116, '1', 106, '2022-02-03', 0),
(1441, 10, 116, '1', 106, '2022-02-03', 0),
(1442, 10, 116, '1', 106, '2022-02-03', 0),
(1443, 10, 116, '2', 106, '2022-02-03', 0),
(1444, 10, 116, '3', 106, '2022-02-03', 0),
(1445, 10, 116, '2', 106, '2022-02-03', 0),
(1446, 10, 116, '1', 106, '2022-02-03', 0),
(1447, 10, 116, '2', 106, '2022-02-03', 0),
(1448, 10, 116, '3', 106, '2022-02-03', 0),
(1449, 10, 116, '3', 106, '2022-02-03', 0),
(1450, 10, 116, '4', 106, '2022-02-03', 0),
(1451, 10, 116, '1', 106, '2022-02-03', 0),
(1452, 10, 116, '2', 106, '2022-02-03', 0),
(1453, 10, 116, '2', 106, '2022-02-03', 0),
(1454, 10, 116, '1', 106, '2022-02-03', 0),
(1455, 10, 114, '1', 106, '2022-02-03', 0),
(1456, 10, 114, '1', 106, '2022-02-03', 0),
(1457, 10, 114, '1', 106, '2022-02-03', 0),
(1458, 10, 116, '1', 106, '2022-02-03', 0),
(1459, 10, 114, '1', 106, '2022-02-03', 0),
(1460, 10, 114, '1', 106, '2022-02-03', 0),
(1461, 10, 114, '1', 106, '2022-02-03', 0),
(1462, 10, 118, '1', 106, '2022-02-04', 0),
(1463, 10, 118, '1', 106, '2022-02-04', 0),
(1464, 10, 118, '5', 106, '2022-02-04', 0),
(1465, 9, 119, 'hqsDn', 101, '2022-02-10', 0),
(1466, 9, 119, 'Ymhvn', 103, '2022-02-10', 0),
(1467, 9, 119, 'kyCzj', 105, '2022-02-10', 0),
(1468, 10, 119, '1', 106, '2022-02-10', 0),
(1469, 10, 119, '5', 106, '2022-02-10', 0),
(1470, 11, 119, 'lChTn', 100, '2022-02-10', 0),
(1471, 11, 119, 'lChTn', 100, '2022-02-10', 0),
(1472, 10, 120, '1', 106, '2022-02-14', 0),
(1473, 10, 121, '1', 106, '2022-02-14', 0),
(1474, 10, 121, '1', 106, '2022-02-14', 0),
(1475, 10, 121, '1', 106, '2022-02-14', 0),
(1476, 10, 116, '1', 106, '2022-02-16', 0),
(1477, 9, 115, 'lqoLa', 101, '2022-02-16', 0),
(1478, 9, 115, 'tsOFw', 103, '2022-02-16', 0),
(1479, 9, 115, 'fThXp', 105, '2022-02-16', 0),
(1480, 10, 122, '1', 106, '2022-02-17', 0),
(1481, 10, 122, '1', 106, '2022-02-17', 0),
(1482, 10, 122, '1', 106, '2022-02-17', 0),
(1483, 10, 122, '1', 106, '2022-02-17', 0),
(1484, 9, 115, 'lqoLa', 101, '2022-02-21', 0),
(1485, 9, 115, 'Ymhvn', 103, '2022-02-21', 0),
(1486, 9, 115, 'kyCzj', 105, '2022-02-21', 0),
(1487, 10, 115, '3', 106, '2022-02-21', 0),
(1488, 10, 115, '1', 106, '2022-02-21', 0),
(1489, 11, 115, 'BWjkU', 100, '2022-02-21', 0),
(1490, 10, 114, '1', 106, '2022-03-03', 0),
(1491, 10, 114, '1', 106, '2022-03-03', 0),
(1494, 10, 114, '1', 106, '2022-03-05', 0),
(1495, 10, 114, '', 106, '2022-03-06', 0),
(1496, 10, 114, '', 106, '2022-03-06', 0),
(1497, 10, 114, '', 106, '2022-03-06', 0),
(1501, 10, 114, '1', 106, '2022-03-11', 0),
(1502, 10, 124, '1', 106, '2022-03-14', 0),
(1503, 10, 123, '1', 106, '2022-03-14', 0),
(1504, 10, 123, '1', 106, '2022-03-14', 0),
(1505, 10, 123, '1', 106, '2022-03-14', 0),
(1506, 10, 123, '1', 106, '2022-03-14', 0),
(1507, 10, 123, '5', 106, '2022-03-14', 0),
(1508, 10, 123, '1', 106, '2022-03-14', 0),
(1509, 9, 125, 'hqsDn', 101, '2022-03-15', 0),
(1510, 9, 125, 'Ymhvn', 103, '2022-03-15', 0),
(1511, 9, 125, 'fThXp', 105, '2022-03-15', 0),
(1512, 10, 125, '1', 106, '2022-03-15', 0),
(1513, 11, 125, 'lChTn', 100, '2022-03-15', 0),
(1514, 17, 125, 'hqsDn', 119, '2022-03-15', 0),
(1515, 17, 125, '', 120, '2022-03-15', 0),
(1516, 17, 125, 'gItBq', 119, '2022-03-15', 0),
(1517, 17, 125, '', 120, '2022-03-15', 0),
(1518, 18, 125, 'lChTn', 121, '2022-03-15', 0),
(1519, 10, 114, '2', 106, '2022-03-18', 0),
(1520, 10, 73, '2', 106, '2022-03-22', 0),
(1521, 10, 114, '1', 106, '2022-03-22', 0),
(1522, 10, 114, '5', 106, '2022-03-22', 0),
(1523, 10, 126, '1', 106, '2022-03-22', 0),
(1524, 10, 126, '1', 106, '2022-03-22', 0),
(1525, 10, 126, '1', 106, '2022-03-22', 0),
(1526, 10, 126, '1', 106, '2022-03-22', 0),
(1527, 10, 126, '1', 106, '2022-03-22', 0),
(1528, 10, 126, '1', 106, '2022-03-22', 0),
(1529, 10, 126, '1', 106, '2022-03-22', 0),
(1530, 10, 126, '1', 106, '2022-03-22', 0),
(1531, 10, 126, '1', 106, '2022-03-22', 0),
(1532, 10, 126, '1', 106, '2022-03-22', 0),
(1533, 10, 126, '1', 106, '2022-03-22', 0),
(1534, 10, 126, '1', 106, '2022-03-22', 0),
(1535, 10, 126, '1', 106, '2022-03-22', 0),
(1536, 10, 126, '1', 106, '2022-03-22', 0),
(1537, 10, 126, '1', 106, '2022-03-22', 0),
(1538, 10, 126, '1', 106, '2022-03-22', 0),
(1539, 10, 126, '1', 106, '2022-03-22', 0),
(1540, 10, 126, '1', 106, '2022-03-22', 0),
(1541, 10, 126, '1', 106, '2022-03-22', 0),
(1542, 10, 126, '1', 106, '2022-03-22', 0),
(1543, 10, 126, '1', 106, '2022-03-22', 0),
(1544, 10, 126, '1', 106, '2022-03-22', 0),
(1545, 10, 126, '1', 106, '2022-03-22', 0),
(1546, 10, 126, '1', 106, '2022-03-22', 0),
(1547, 10, 126, '1', 106, '2022-03-22', 0),
(1548, 10, 126, '1', 106, '2022-03-22', 0),
(1549, 10, 126, '1', 106, '2022-03-22', 0),
(1550, 10, 127, '1', 106, '2022-03-23', 0),
(1551, 10, 127, '1', 106, '2022-03-23', 0),
(1552, 10, 127, '1', 106, '2022-03-23', 0),
(1553, 10, 127, '1', 106, '2022-03-23', 0),
(1554, 10, 127, '1', 106, '2022-03-23', 0),
(1555, 10, 127, '1', 106, '2022-03-24', 0),
(1556, 10, 127, '4', 106, '2022-03-26', 0),
(1557, 10, 127, '1', 106, '2022-03-26', 0),
(1558, 10, 129, '1', 106, '2022-03-28', 0),
(1559, 10, 129, '1', 106, '2022-03-28', 0),
(1560, 10, 129, '1', 106, '2022-03-28', 0),
(1561, 10, 129, '1', 106, '2022-03-28', 0),
(1562, 10, 128, '1', 106, '2022-03-28', 0),
(1563, 10, 128, '1', 106, '2022-03-28', 0),
(1564, 10, 128, '1', 106, '2022-03-28', 0),
(1565, 10, 128, '1', 106, '2022-03-28', 0),
(1566, 10, 128, '1', 106, '2022-03-28', 0),
(1567, 10, 129, '1', 106, '2022-03-28', 0),
(1568, 10, 129, '1', 106, '2022-03-28', 0),
(1569, 10, 129, '1', 106, '2022-03-28', 0),
(1570, 10, 129, '1', 106, '2022-03-28', 0),
(1571, 10, 129, '1', 106, '2022-03-28', 0),
(1572, 10, 129, '1', 106, '2022-03-28', 0),
(1573, 10, 129, '1', 106, '2022-03-28', 0),
(1574, 10, 129, '', 106, '2022-03-28', 0),
(1575, 10, 129, '1', 106, '2022-03-28', 0),
(1576, 10, 129, '1', 106, '2022-03-28', 0),
(1577, 10, 128, '1', 106, '2022-03-29', 0),
(1578, 10, 131, '1', 106, '2022-03-29', 0),
(1579, 10, 131, '1', 106, '2022-03-29', 0),
(1580, 10, 128, '1', 106, '2022-03-31', 0),
(1583, 10, 134, '1', 106, '2022-04-04', 0),
(1594, 10, 128, '1', 106, '2022-04-05', 0),
(1595, 10, 128, '1', 106, '2022-04-05', 0),
(1596, 10, 128, '4', 106, '2022-04-05', 0),
(1597, 10, 128, '1', 106, '2022-04-05', 0),
(1598, 10, 128, '1', 106, '2022-04-05', 0),
(1599, 10, 128, '1', 106, '2022-04-05', 0),
(1600, 10, 128, '1', 106, '2022-04-05', 0),
(1601, 10, 128, '1', 106, '2022-04-05', 0),
(1602, 10, 128, '1', 106, '2022-04-05', 0),
(1603, 11, 128, 'uOTEp', 100, '2022-04-06', 0),
(1604, 11, 128, 'lChTn', 100, '2022-04-06', 0),
(1605, 10, 128, '1', 106, '2022-04-06', 0),
(1606, 10, 128, '1', 106, '2022-04-06', 0),
(1607, 10, 128, '1', 106, '2022-04-06', 0),
(1608, 10, 128, '1', 106, '2022-04-06', 0),
(1609, 10, 128, '1', 106, '2022-04-07', 0),
(1610, 10, 128, '1', 106, '2022-04-07', 0),
(1611, 10, 128, '1', 106, '2022-04-07', 0),
(1612, 10, 128, '1', 106, '2022-04-07', 0),
(1613, 10, 128, '1', 106, '2022-04-07', 0),
(1615, 10, 128, '1', 106, '2022-04-07', 0),
(1617, 10, 135, '1', 106, '2022-04-08', 0),
(1618, 10, 135, '4', 106, '2022-04-08', 0),
(1620, 10, 128, '2', 106, '2022-04-08', 0),
(1621, 10, 128, '2', 106, '2022-04-08', 0),
(1622, 10, 128, '2', 106, '2022-04-08', 0),
(1624, 10, 128, '1', 106, '2022-04-09', 0),
(1628, 10, 128, '1', 106, '2022-04-09', 0),
(1629, 10, 128, '1', 106, '2022-04-10', 0),
(1630, 10, 128, '1', 106, '2022-04-10', 0),
(1631, 11, 5, 'vGqVf', 100, '2022-04-10', 0),
(1632, 11, 5, 'uOTEp', 100, '2022-04-10', 0),
(1633, 11, 5, 'BWjkU', 100, '2022-04-10', 0),
(1634, 11, 5, 'vGqVf', 100, '2022-04-10', 0),
(1635, 11, 5, 'lChTn', 100, '2022-04-10', 0),
(1636, 11, 5, 'qsGRh', 100, '2022-04-10', 0),
(1637, 11, 5, 'qsGRh', 100, '2022-04-10', 0),
(1638, 11, 5, 'uOTEp', 100, '2022-04-11', 0),
(1651, 10, 128, '1', 106, '2022-04-11', 0),
(1653, 10, 136, '1', 106, '2022-04-11', 0),
(1655, 10, 128, '1', 106, '2022-04-11', 0),
(1656, 10, 135, '1', 106, '2022-04-12', 0),
(1657, 10, 136, '1', 106, '2022-04-12', 0),
(1658, 10, 135, '1', 106, '2022-04-13', 0),
(1659, 10, 128, '1', 106, '2022-04-13', 0),
(1660, 10, 136, '1', 106, '2022-04-13', 0),
(1661, 10, 136, '1', 106, '2022-04-13', 0),
(1662, 10, 136, '1', 106, '2022-04-13', 0),
(1663, 10, 136, '4', 106, '2022-04-13', 0),
(1664, 10, 135, '1', 106, '2022-04-13', 0),
(1665, 10, 129, '3', 106, '2022-04-14', 0),
(1666, 10, 129, '5', 106, '2022-04-15', 0),
(1667, 10, 129, '2', 106, '2022-04-15', 0),
(1668, 18, 5, 'BWjkU', 121, '2022-04-15', 0),
(1669, 10, 114, '4', 106, '2022-04-16', 0),
(1670, 11, 114, 'BWjkU', 100, '2022-04-16', 0),
(1671, 10, 5, '3', 106, '2022-04-16', 0),
(1672, 10, 5, '1', 106, '2022-04-16', 0),
(1673, 10, 5, '4', 106, '2022-04-16', 0),
(1674, 10, 129, '2', 106, '2022-04-16', 0),
(1675, 10, 129, '', 106, '2022-04-17', 0),
(1676, 9, 138, 'lqoLa', 101, '2022-04-18', 0),
(1677, 9, 138, 'Ymhvn', 103, '2022-04-18', 0),
(1678, 9, 138, 'fThXp', 105, '2022-04-18', 0),
(1679, 10, 138, '2', 106, '2022-04-18', 0),
(1680, 10, 138, '4', 106, '2022-04-18', 0),
(1681, 11, 138, 'BWjkU', 100, '2022-04-18', 0),
(1682, 11, 138, 'dntHO', 100, '2022-04-18', 0),
(1683, 11, 138, 'uOTEp', 100, '2022-04-18', 0),
(1684, 17, 138, 'hqsDn', 119, '2022-04-18', 0),
(1685, 17, 138, 'hqsDn', 120, '2022-04-18', 0),
(1686, 18, 138, 'lChTn', 121, '2022-04-18', 0),
(1689, 10, 128, '1', 106, '2022-04-19', 0),
(1690, 10, 136, '1', 106, '2022-04-19', 0),
(1691, 10, 133, '1', 106, '2022-04-19', 0),
(1692, 10, 133, '1', 106, '2022-04-19', 0),
(1693, 10, 133, '1', 106, '2022-04-19', 0),
(1694, 10, 128, '1', 106, '2022-04-19', 0),
(1695, 10, 129, '1', 106, '2022-04-19', 0),
(1696, 10, 133, '', 106, '2022-04-19', 0),
(1697, 10, 133, '', 106, '2022-04-19', 0),
(1698, 10, 133, '1', 106, '2022-04-19', 0),
(1699, 10, 133, '1', 106, '2022-04-19', 0),
(1700, 10, 133, '1', 106, '2022-04-19', 0),
(1701, 10, 133, '1', 106, '2022-04-19', 0),
(1702, 10, 133, '1', 106, '2022-04-19', 0),
(1703, 10, 133, '1', 106, '2022-04-19', 0),
(1704, 10, 133, '1', 106, '2022-04-19', 0),
(1705, 10, 133, '1', 106, '2022-04-19', 0),
(1706, 10, 133, '', 106, '2022-04-19', 0),
(1707, 10, 133, '1', 106, '2022-04-19', 0),
(1708, 10, 133, '1', 106, '2022-04-19', 0),
(1709, 11, 90, 'baXrR', 100, '2022-04-20', 0),
(1710, 10, 133, '1', 106, '2022-04-20', 0),
(1711, 10, 128, '1', 106, '2022-04-20', 0),
(1712, 10, 128, '1', 106, '2022-04-20', 0),
(1713, 10, 128, '1', 106, '2022-04-20', 0),
(1714, 10, 133, '1', 106, '2022-04-20', 0),
(1715, 10, 133, '1', 106, '2022-04-20', 0),
(1716, 10, 133, '1', 106, '2022-04-20', 0),
(1717, 10, 133, '1', 106, '2022-04-20', 0),
(1718, 10, 133, '', 106, '2022-04-20', 0),
(1719, 10, 133, '1', 106, '2022-04-20', 0),
(1720, 10, 133, '1', 106, '2022-04-20', 0),
(1721, 10, 136, '1', 106, '2022-04-20', 0),
(1722, 10, 136, '1', 106, '2022-04-20', 0),
(1723, 10, 136, '1', 106, '2022-04-20', 0),
(1724, 10, 136, '1', 106, '2022-04-20', 0),
(1725, 10, 129, '5', 106, '2022-04-20', 0),
(1726, 10, 129, '5', 106, '2022-04-20', 0),
(1727, 10, 129, '3', 106, '2022-04-20', 0),
(1728, 10, 129, '4', 106, '2022-04-20', 0),
(1729, 10, 129, '4', 106, '2022-04-20', 0),
(1731, 10, 128, '1', 106, '2022-04-20', 0),
(1732, 10, 128, '1', 106, '2022-04-21', 0),
(1733, 11, 90, 'lChTn', 100, '2022-02-21', 0),
(1734, 11, 90, 'dntHO', 100, '2022-01-21', 0),
(1735, 11, 90, 'vGqVf', 100, '2022-02-21', 0),
(1736, 11, 90, 'lChTn', 100, '2022-04-21', 0),
(1737, 10, 139, '1', 106, '2022-04-21', 0),
(1738, 10, 139, '1', 106, '2022-04-21', 0),
(1739, 10, 139, '1', 106, '2022-04-21', 0),
(1740, 10, 139, '1', 106, '2022-04-21', 0),
(1741, 10, 139, '1', 106, '2022-04-21', 0),
(1760, 10, 143, '1', 106, '2022-02-21', 0),
(1761, 10, 143, '4', 106, '2022-02-21', 0),
(1762, 10, 143, '5', 106, '2022-04-21', 0),
(1763, 10, 143, '3', 106, '2022-03-21', 0),
(1764, 10, 143, '2', 106, '2022-01-21', 0),
(1765, 11, 143, 'lChTn', 100, '2022-04-21', 0),
(1766, 11, 143, 'qsGRh', 100, '2022-04-21', 0),
(1767, 11, 143, 'uOTEp', 100, '2022-04-21', 0),
(1768, 10, 139, '1', 106, '2022-04-21', 0),
(1769, 10, 139, '1', 106, '2022-04-21', 0),
(1770, 10, 139, '1', 106, '2022-04-21', 0),
(1771, 10, 139, '2', 106, '2022-04-21', 0),
(1772, 10, 139, '2', 106, '2022-04-21', 0),
(1773, 10, 139, '1', 106, '2022-04-21', 0),
(1776, 10, 128, '1', 106, '2022-04-22', 0),
(1777, 10, 128, '1', 106, '2022-04-22', 0),
(1778, 10, 128, '1', 106, '2022-04-22', 0),
(1779, 10, 128, '1', 106, '2022-04-22', 0),
(1780, 10, 139, '1', 106, '2022-04-23', 0),
(1781, 10, 129, '2', 106, '2022-04-24', 0),
(1782, 10, 136, '1', 106, '2022-04-25', 0),
(1783, 10, 136, '1', 106, '2022-04-25', 0),
(1784, 10, 133, '1', 106, '2022-04-26', 0),
(1785, 10, 139, '1', 106, '2022-04-27', 0),
(1786, 10, 139, '1', 106, '2022-04-27', 0),
(1787, 10, 139, '', 106, '2022-04-27', 0),
(1788, 10, 139, '', 106, '2022-04-27', 0),
(1789, 10, 139, '', 106, '2022-04-27', 0),
(1790, 10, 139, '1', 106, '2022-04-27', 0),
(1791, 9, 112, 'hqsDn', 101, '2022-04-27', 0),
(1792, 9, 112, 'UWiDF', 103, '2022-04-27', 0),
(1793, 9, 112, 'fThXp', 105, '2022-04-27', 0),
(1794, 10, 112, '1', 106, '2022-04-27', 0),
(1795, 10, 136, '2', 106, '2022-04-28', 0),
(1796, 10, 133, '', 106, '2022-04-28', 0),
(1797, 10, 133, '', 106, '2022-04-28', 0),
(1798, 10, 133, '', 106, '2022-04-28', 0),
(1799, 10, 133, '', 106, '2022-04-28', 0),
(1800, 10, 133, '', 106, '2022-04-28', 0),
(1801, 10, 133, '', 106, '2022-04-28', 0),
(1802, 10, 133, '', 106, '2022-04-28', 0),
(1803, 10, 133, '1', 106, '2022-04-28', 0),
(1804, 10, 136, '', 106, '2022-04-28', 0),
(1805, 10, 136, '', 106, '2022-04-28', 0),
(1806, 10, 136, '3', 106, '2022-04-28', 0),
(1807, 10, 140, '1', 106, '2022-04-28', 0),
(1808, 10, 149, '1', 106, '2022-04-28', 0),
(1809, 10, 149, '1', 106, '2022-04-28', 0),
(1810, 10, 149, '1', 106, '2022-04-28', 0),
(1811, 10, 149, '1', 106, '2022-04-28', 0),
(1812, 10, 150, '1', 106, '2022-04-29', 0),
(1813, 10, 137, '2', 106, '2022-05-04', 0),
(1814, 10, 136, '3', 106, '2022-05-04', 0),
(1815, 10, 128, '1', 106, '2022-05-05', 0),
(1816, 10, 128, '1', 106, '2022-05-05', 0),
(1817, 10, 112, '1', 106, '2022-05-06', 0),
(1818, 11, 144, 'BWjkU', 100, '2022-05-07', 0),
(1819, 11, 144, 'lChTn', 100, '2022-05-07', 0),
(1820, 11, 144, 'vGqVf', 100, '2022-05-07', 0),
(1821, 11, 144, 'qsGRh', 100, '2022-05-07', 0),
(1822, 18, 151, 'lChTn', 121, '2022-05-09', 0),
(1823, 18, 151, 'baXrR', 121, '2022-05-09', 0),
(1824, 10, 128, '1', 106, '2022-05-09', 0),
(1825, 10, 149, '1', 106, '2022-05-10', 0),
(1826, 10, 149, '1', 106, '2022-05-10', 0),
(1827, 10, 149, '1', 106, '2022-05-10', 0),
(1828, 10, 140, '1', 106, '2022-05-10', 0),
(1829, 10, 140, '1', 106, '2022-05-10', 0),
(1830, 10, 140, '4', 106, '2022-05-10', 0),
(1831, 10, 140, '4', 106, '2022-05-10', 0),
(1832, 10, 140, '4', 106, '2022-05-10', 0),
(1833, 10, 128, '1', 106, '2022-05-10', 0),
(1834, 10, 152, '1', 106, '2022-05-10', 0),
(1835, 10, 152, '1', 106, '2022-05-10', 0),
(1836, 10, 152, '1', 106, '2022-05-11', 0),
(1837, 10, 152, '1', 106, '2022-05-11', 0),
(1838, 10, 128, '1', 106, '2022-05-11', 0),
(1839, 10, 128, '1', 106, '2022-05-11', 0),
(1840, 10, 133, '1', 106, '2022-05-11', 0),
(1841, 10, 133, '1', 106, '2022-05-11', 0),
(1842, 10, 133, '1', 106, '2022-05-11', 0),
(1843, 10, 133, '1', 106, '2022-05-11', 0),
(1844, 10, 139, '1', 106, '2022-05-12', 0),
(1845, 10, 139, '1', 106, '2022-05-12', 0),
(1846, 10, 139, '1', 106, '2022-05-12', 0),
(1847, 10, 139, '1', 106, '2022-05-12', 0),
(1848, 10, 139, '1', 106, '2022-05-12', 0),
(1849, 10, 139, '1', 106, '2022-05-12', 0),
(1850, 10, 139, '1', 106, '2022-05-12', 0),
(1851, 10, 139, '1', 106, '2022-05-12', 0),
(1852, 10, 139, '1', 106, '2022-05-12', 0),
(1853, 10, 139, '1', 106, '2022-05-12', 0),
(1854, 10, 139, '1', 106, '2022-05-12', 0),
(1855, 10, 139, '1', 106, '2022-05-12', 0),
(1856, 10, 139, '1', 106, '2022-05-12', 0),
(1857, 10, 151, '1', 106, '2022-05-13', 0),
(1858, 10, 133, '1', 106, '2022-05-14', 0),
(1859, 10, 128, '1', 106, '2022-05-17', 0),
(1860, 10, 128, '1', 106, '2022-05-17', 0),
(1861, 10, 128, '1', 106, '2022-05-17', 0),
(1862, 10, 128, '1', 106, '2022-05-17', 0),
(1863, 10, 151, '1', 106, '2022-05-18', 0),
(1864, 10, 151, '4', 106, '2022-05-18', 0),
(1865, 10, 151, '', 106, '2022-05-18', 0),
(1866, 10, 151, '', 106, '2022-05-18', 0),
(1867, 10, 151, '1', 106, '2022-05-18', 0),
(1868, 10, 151, '4', 106, '2022-05-18', 0),
(1869, 10, 151, '1', 106, '2022-05-18', 0),
(1871, 10, 128, '2', 106, '2022-05-19', 0),
(1872, 10, 128, '1', 106, '2022-05-19', 0),
(1873, 10, 135, '1', 106, '2022-05-19', 0),
(1874, 10, 128, '1', 106, '2022-05-19', 0),
(1875, 10, 128, '1', 106, '2022-05-19', 0),
(1876, 10, 128, '3', 106, '2022-05-19', 0),
(1877, 10, 128, '2', 106, '2022-05-19', 0),
(1878, 10, 128, '1', 106, '2022-05-19', 0),
(1879, 10, 128, '1', 106, '2022-05-19', 0),
(1880, 10, 151, '1', 106, '2022-05-19', 0),
(1881, 10, 151, '3', 106, '2022-05-19', 0),
(1882, 10, 128, '3', 106, '2022-05-19', 0),
(1883, 10, 128, '1', 106, '2022-05-19', 0),
(1884, 10, 128, '1', 106, '2022-05-19', 0),
(1885, 10, 128, '1', 106, '2022-05-19', 0),
(1886, 10, 128, '1', 106, '2022-05-19', 0),
(1887, 10, 128, '1', 106, '2022-05-19', 0),
(1888, 10, 128, '1', 106, '2022-05-19', 0),
(1889, 10, 151, '', 106, '2022-05-20', 0),
(1890, 10, 151, '', 106, '2022-05-20', 0),
(1891, 10, 151, '', 106, '2022-05-20', 0),
(1892, 10, 151, '2', 106, '2022-05-20', 0),
(1893, 10, 128, '2', 106, '2022-05-20', 0),
(1894, 10, 128, '3', 106, '2022-05-20', 0),
(1895, 10, 128, '3', 106, '2022-05-20', 0),
(1896, 10, 128, '3', 106, '2022-05-21', 0),
(1897, 10, 128, '1', 106, '2022-05-21', 0),
(1898, 10, 136, '1', 106, '2022-05-21', 0),
(1899, 10, 128, '1', 106, '2022-05-21', 0),
(1900, 10, 128, '1', 106, '2022-05-21', 0),
(1901, 10, 128, '2', 106, '2022-05-21', 0),
(1902, 10, 151, '1', 106, '2022-05-21', 0),
(1903, 10, 128, '1', 106, '2022-05-24', 0),
(1904, 10, 128, '1', 106, '2022-05-24', 0),
(1905, 10, 128, '1', 106, '2022-05-24', 0),
(1906, 10, 128, '1', 106, '2022-05-24', 0),
(1907, 10, 128, '1', 106, '2022-05-24', 0),
(1908, 10, 128, '1', 106, '2022-05-24', 0),
(1909, 10, 128, '1', 106, '2022-05-24', 0),
(1910, 10, 128, '1', 106, '2022-05-24', 0),
(1911, 10, 128, '1', 106, '2022-05-24', 0),
(1912, 10, 128, '1', 106, '2022-05-24', 0),
(1913, 10, 128, '2', 106, '2022-05-24', 0),
(1914, 10, 128, '1', 106, '2022-05-24', 0),
(1915, 10, 128, '1', 106, '2022-05-24', 0),
(1916, 10, 128, '1', 106, '2022-05-24', 0),
(1917, 10, 128, '1', 106, '2022-05-24', 0),
(1918, 10, 128, '1', 106, '2022-05-24', 0),
(1919, 10, 128, '1', 106, '2022-05-24', 0),
(1920, 10, 128, '1', 106, '2022-05-24', 0),
(1921, 10, 128, '1', 106, '2022-05-24', 0),
(1922, 10, 136, '1', 106, '2022-05-24', 0),
(1923, 10, 128, '1', 106, '2022-05-24', 0),
(1924, 10, 128, '1', 106, '2022-05-24', 0),
(1925, 10, 145, '1', 106, '2022-05-24', 0),
(1926, 10, 145, '2', 106, '2022-05-24', 0),
(1927, 10, 128, '4', 106, '2022-05-25', 0),
(1928, 10, 128, '1', 106, '2022-05-25', 0),
(1929, 10, 128, '2', 106, '2022-05-25', 0),
(1930, 10, 112, '1', 106, '2022-05-25', 0),
(1931, 10, 128, '2', 106, '2022-05-25', 0),
(1932, 10, 128, '1', 106, '2022-05-25', 0),
(1933, 10, 128, '2', 106, '2022-05-25', 0),
(1934, 10, 128, '3', 106, '2022-05-25', 0),
(1935, 10, 128, '5', 106, '2022-05-25', 0),
(1936, 10, 128, '5', 106, '2022-04-25', 0),
(1937, 10, 128, '2', 106, '2022-05-25', 0),
(1938, 10, 144, '2', 106, '2022-05-25', 0),
(1939, 10, 144, '1', 106, '2022-05-25', 0),
(1940, 10, 144, '4', 106, '2022-05-25', 0),
(1941, 10, 128, '1', 106, '2022-05-25', 0),
(1942, 10, 128, '', 106, '2022-05-25', 0),
(1943, 10, 128, '', 106, '2022-05-26', 0),
(1944, 10, 128, '1', 106, '2022-05-26', 0),
(1945, 10, 136, '2', 106, '2022-05-26', 0),
(1946, 10, 128, '4', 106, '2022-05-27', 0),
(1947, 10, 128, '1', 106, '2022-05-27', 0),
(1948, 10, 151, '1', 106, '2022-05-27', 0),
(1949, 10, 151, '2', 106, '2022-05-27', 0),
(1950, 10, 128, '2', 106, '2022-05-27', 0),
(1951, 10, 128, '1', 106, '2022-05-27', 0),
(1952, 10, 151, '2', 106, '2022-05-28', 0),
(1953, 10, 128, '1', 106, '2022-05-28', 0),
(1954, 10, 128, '1', 106, '2022-05-28', 0),
(1955, 10, 151, '4', 106, '2022-05-28', 0),
(1956, 10, 113, '3', 106, NULL, 0),
(1957, 10, 113, '1', 106, NULL, 0);

-- --------------------------------------------------------

--
-- Structure de la table `image`
--

CREATE TABLE `image` (
  `id` int(11) NOT NULL,
  `filename` varchar(100) NOT NULL,
  `userdi` int(11) NOT NULL,
  `upload` datetime NOT NULL
) ENGINE=InnoDB DEFAULT CHARSET=latin1;

--
-- Déchargement des données de la table `image`
--

INSERT INTO `image` (`id`, `filename`, `userdi`, `upload`) VALUES
(159, 'mehdi 2.jpg', 0, '2022-04-27 00:59:05'),
(160, 'gg.jpg', 148, '2022-04-27 01:13:10'),
(161, 'pngtree-dental-logo-design-creative-dentist-logo-dental-clinic-creative-company-png-image_1523025.jp', 149, '2022-04-28 18:01:20'),
(162, '', 149, '2022-04-28 18:01:24'),
(163, 'pngtree-dental-logo-design-creative-dentist-logo-dental-clinic-creative-company-png-image_1523025.jp', 149, '2022-04-28 18:01:29'),
(164, 'pngtree-dental-logo-design-creative-dentist-logo-dental-clinic-creative-company-png-image_1523025.jp', 149, '2022-04-28 18:01:48'),
(165, 'téléchargement (1).png', 140, '2022-04-28 18:25:47'),
(166, 'pngtree-dental-logo-design-creative-dentist-logo-dental-clinic-creative-company-png-image_1523025.jp', 149, '2022-04-28 18:29:32'),
(167, '415be197b1c624155f3305e9bded20d1.png', 149, '2022-04-28 18:30:36'),
(168, '174510237_4258623784190483_1033211197615638557_n.png', 150, '2022-04-29 17:41:02'),
(169, '133681450_3523184607803042_6547972718162817962_n.png', 128, '2022-05-05 15:58:26'),
(170, '17523705_1909801112634300_8508505834895409081_n.jpg', 139, '2022-05-05 16:01:17'),
(171, 'gastroenterologie (Personnalisé).jpg', 135, '2022-05-05 16:02:04'),
(172, 'cabinet-dr-taibi-fatimzahra-taibi-1-1-6169872d6350e415150050.png', 133, '2022-05-05 16:04:27'),
(173, 'Capture d’écran 2022-04-11 144310.png', 136, '2022-05-05 16:05:55'),
(174, 'fedea746cd0ecb257a1249d3a2a80bb1.jpg', 124, '2022-05-05 16:26:28'),
(175, 'arr-plan.jpg', 131, '2022-05-05 16:28:15'),
(176, 'Chirurgie dentaire (Personnalisé).jpg', 112, '2022-05-06 16:13:55'),
(177, '278472928_135015369100903_3863025375094026951_n.jpg', 151, '2022-05-09 15:31:57'),
(178, 'logo_light.png', 152, '2022-05-10 15:45:47');

-- --------------------------------------------------------

--
-- Structure de la table `mess`
--

CREATE TABLE `mess` (
  `id` int(11) NOT NULL,
  `mess` varchar(500) NOT NULL,
  `email` varchar(200) NOT NULL,
  `subject` varchar(100) NOT NULL,
  `name` varchar(50) NOT NULL,
  `user_id` int(11) NOT NULL,
  `datemess` datetime DEFAULT CURRENT_TIMESTAMP
) ENGINE=InnoDB DEFAULT CHARSET=latin1;

--
-- Déchargement des données de la table `mess`
--

INSERT INTO `mess` (`id`, `mess`, `email`, `subject`, `name`, `user_id`, `datemess`) VALUES
(1, 'khkjhlik', 'test@test.com', 'Hurry! only 8 left in stock!', 'admin', 0, '2022-01-08 00:00:00'),
(2, 'kjgkjhk', 'admin@admin.com', 'sadiksald', 'admin', 0, '2022-01-08 00:00:00'),
(3, 'lkjslks', 'test@test.com', 'sadiksald', 'admin', 49, '2022-01-08 00:00:00'),
(4, 'test', 'ahmed-zeroual@hotmail.fr', 'test', 'ahmed', 43, '2022-01-08 00:00:00'),
(5, 'dcazevbrnet', 'ahmed-zeroual@hotmail.fr', 'accées au panel ', 'ahmed zeroual', 43, '2022-01-08 00:00:00'),
(6, 'dcazevbrnet', 'ahmed-zeroual@hotmail.fr', 'accées au panel ', 'ahmed zeroual', 43, '2022-01-08 00:00:00'),
(7, 'QEGHREwtjxy', 'ahmed-zeroual@hotmail.fr', 'zaevzetnytu', 'ahmed zeroual', 43, '2022-01-08 00:00:00'),
(8, 'test 5', 'ahmed-zeroual@hotmail.fr', 'testttt 5', 'ahmed zeroual', 43, '2022-01-08 00:00:00'),
(9, 'simo', 'simo@simo.simo', 'simo', 'simo', 43, '2022-01-08 00:00:00'),
(10, '', 'zer', '', 'med ', 43, '2022-01-08 00:00:00'),
(11, 'hi ', 'ayman.bouigader@gmail.com', '0603487272', 'ayman', 39, '2022-01-08 00:00:00'),
(12, 'asdjkhasldladnejdewndlaksdnklasdiewhcnexqlowjdiudlqwdjowqdnuiebiqlwdhuwqgdihwqdojqwldjyedgiqlkjwnuegdidiqwdjwqd;jqwljdihdiqhwfoewjfhugbfuwhfopewdo;jqdknwuqdbowqdj;qwjidwhqeihwqoejow;qe', 'test@test.com', '46616', 'amine', 39, '2022-01-08 00:00:00'),
(13, 'asd;sad', 'Ayman.bouigader@gmail.com', 'sal;dsa;d', 'dwqkdl', 39, '2022-01-08 00:00:00'),
(14, 'wqeqwe', 'admin@admin.com', 'sadiksald', '6565', 39, '2022-01-08 00:00:00'),
(15, 'sad', 'test@test.com', 'sadiksald', 'sadsa', 39, '2022-01-08 00:00:00'),
(16, 'aSDAs', 'test@test.com', 'sadiksald', 'wqewq65', 39, '2022-01-08 00:00:00'),
(17, 'sad', 'admin@admin.com', '03487272', 'admin', 39, '2022-01-08 00:00:00'),
(18, 'asaS', 'test@test.com', '0603487272', 'admin', 39, '2022-01-08 00:00:00'),
(19, '', '', '', '', 43, '2022-01-08 00:00:00'),
(20, 'vzebrz', 'ahmed-zeroual@hotmail.fr', '0660946001', 'ahmed zeroual', 43, '2022-01-08 00:00:00'),
(21, 'jkghlk', 'test@test.com', 'sadlkjalsd', 'admin', 39, '2022-01-08 00:00:00'),
(22, 'test', 'zeroual.1997@gmail.com', '0666666666', 'med ', 3, '2022-01-08 00:00:00'),
(23, 'test1', 'ahmed-zeroual@hotmail.fr', '0666666666', 'ahmed zeroual', 72, '2022-01-08 00:00:00'),
(24, '', '', '', '', 3, '2022-01-08 00:00:00'),
(25, 'test', 'ahmed-zeroual@hotmail.fr', '0666382122', '+212607150725', 3, '2022-01-08 00:00:00'),
(26, 'test', 'ahmed-zeroual@hotmail.fr', '0666382122', 'ahmed Zeroual', 3, '2022-01-08 00:00:00'),
(27, 'test', 'ahmed-zeroual@hotmail.fr', '0666382122', 'ahmed Zeroual', 3, '2022-01-08 00:00:00'),
(28, 'test', 'ahmed-zeroual@hotmail.fr', '0666382122', 'ahmed Zeroual', 3, '2022-01-08 00:00:00'),
(29, '', 'ahmed-zeroual@hotmail.fr', '', '+212607150725', 3, '2022-01-08 00:00:00'),
(30, '', 'ahmed-zeroual@hotmail.fr', '', '+212607150725', 3, '2022-01-08 00:00:00'),
(31, '', 'zeroual.1997@gmail.com', '', '', 3, '2022-01-08 00:00:00'),
(32, '', 'zeroual.1997@gmail.com', '', '', 3, '2022-01-08 00:00:00'),
(33, '', 'ahmed-zeroual@hotmail.fr', '', '+212607150725', 3, '2022-01-08 00:00:00'),
(34, 'Test', 'ahmed-zeroual@hotmail.fr', '0607150725', 'Ahmed zeroual', 73, '2022-01-08 00:00:00'),
(35, 'test', 'ahmed-zeroual@gmail.com', '0666666666', 'med ', 73, '2022-01-08 00:00:00'),
(36, 'test test test', 'admin@admin.com', '0607150725', 'AHMED ZEROUAL', 73, '2022-01-08 00:00:00'),
(37, 'LKVZHKBN?DZ LHIQC', 'hi@hi.com', '5458789654789', 'AHMED ZEROUAL', 73, '2022-01-08 00:00:00'),
(38, 'LKVZHKBN?DZ LHIQC', 'hi@hi.com', '5458789654789', 'AHMED ZEROUAL', 73, '2022-01-08 00:00:00'),
(39, 'Mesage de test', 'valexpe@valexpe.com', '0607150725', 'Ahmed zeroual', 76, '2022-01-08 00:00:00'),
(40, 'dsfsdfsd', 'zeroual@azcreation.com', 'wef', '3', 3, '2022-01-08 00:00:00'),
(41, 'test', 'ahmed@azcreation.net', 'test', '73', 73, '2022-01-08 00:00:00'),
(42, 'azertyuiop\r\n', 'test1@test1.com', 'je trouve pas des donnée ', '78', 78, '2022-01-08 00:00:00'),
(43, 'azertyuiop\r\n', 'test1@test1.com', 'je trouve pas des donnée ', '78', 78, '2022-01-08 00:00:00'),
(44, 'TEST4', 'admin@admin.com', '0666666666', 'med ', 81, '2022-01-08 00:00:00'),
(45, 'QSDFGHJK', 'test5@test5.com', '0648667799', 'test5', 83, '2022-01-08 00:00:00'),
(46, 'qdjlf!ldh:c , j;bej', 'mars@mars.com', 'prob', '84', 84, '2022-01-08 00:00:00'),
(47, 'Clem derri buisson grille sa notation', 'test5@test5.com', '0648667799', 'Test5', 83, '2022-01-08 00:00:00'),
(48, 'test', 'ahmed@azcreation.net', 'test', '73', 73, '2022-01-08 00:00:00'),
(49, 'test', 'ahmed@azcreation.net', 'testdzf', '73', 73, '2022-01-08 00:00:00'),
(50, 'szzaerhtkuluop', 'test6@test6.com', '0666382122', '86', 86, '2022-01-08 00:00:00'),
(51, 'aszdefzethrskudl', 'test6@test6.com', '0666382122', '86', 86, '2022-01-08 00:00:00'),
(52, 'asdzfegztjryktu', 'test6@test6.com', 'accées au panel ', '86', 86, '2022-01-08 00:00:00'),
(53, 'zfeetryktu', 'test6@test6.com', 'asdze', '86', 86, '2022-01-08 00:00:00'),
(54, 'scffdd', 'test6@test6.com', 'code de transfère domaine name', '86', 86, '2022-01-08 00:00:00'),
(55, 'jhfglkjh', 'test6@test6.com', 'accées au panel ', '86', 86, '2022-01-08 00:00:00'),
(56, 'qsdqsd', 'test6@test6.com', 'accées au panel ', '86', 86, '2022-01-08 00:00:00'),
(57, 'sqdqsd', 'test6@test6.com', 'accées au panel ', '86', 86, '2022-01-08 00:00:00'),
(58, 'dqsdqsd', 'test6@test6.com', 'accées au panel ', '86', 86, '2022-01-08 00:00:00'),
(59, 'sqdqsd', 'test6@test6.com', 'accées au panel ', '86', 86, '2022-01-08 00:00:00'),
(60, '5546456', 'test6@test6.com', '0666382122', '86', 86, '2022-01-08 00:00:00'),
(61, 'ayman', 'test6@test6.com', '0666382122', '86', 86, '2022-01-08 00:00:00'),
(62, 'zeroual', 'test6@test6.com', 'accées au panel ', '86', 86, '2022-01-08 00:00:00'),
(63, 'test test', 'test6@test6.com', 'accées au panel ', '86', 86, '2022-01-08 00:00:00'),
(64, 'dzezrb ', 'testtest@test.com', 'je trouve pas des donnée ', '74', 74, '2022-01-08 00:00:00'),
(65, 'sqdfcs', 'ahmed-zeroual@gmail.com', 'je trouve pas', 'med ', 74, '2022-01-08 00:00:00'),
(66, 'Ndndnd', 'balafrej.marwane@gmail.com', '06612267777', 'Bdhd', 71, '2022-01-08 00:00:00'),
(67, 'Ndndnd', 'balafrej.marwane@gmail.com', '06612267777', 'Bdhd', 71, '2022-01-08 00:00:00'),
(68, 'fgfgsgs', 'ayman.bouigader@gmail.com', '+212603487272', '+212603487272', 81, '2022-01-08 00:00:00'),
(69, 'qsdqsdqsd', 'ayman.bouigader@gmail.com', '+212603487272', '+212603487272', 81, '2022-01-08 00:00:00'),
(70, 'sdfqdfsdfsd', 'ayman.bouigader@gmail.com', '+212603487272', '+212603487272', 107, '2022-01-08 00:00:00'),
(71, 'sdqsd', 'Ayman@gmail.com', 'qsdsq', '107', 107, '2022-01-08 00:00:00'),
(72, 'khfjhfk', 'testtest@test.com', 'je trouve pas des donnée ', '74', 74, '2022-01-08 00:00:00'),
(73, 'azertyuiop', 'admin@admin.com', '0666666666', 'med ', 74, '2022-01-08 00:00:00'),
(74, 'aezqghjhsn gfq', 'admin@admin.com', '0666666666', 'ahmed', 74, '2022-01-08 00:00:00'),
(75, 'zavebzntsr;ytu', 'ahmed@azcreation.net', 'je trouve pas des donnée ', '73', 73, '2022-01-08 00:00:00'),
(76, 'test test', 'admin@admin.com', '0666666666', 'ahmed', 109, '2022-01-08 00:00:00'),
(77, 'tu as ', 'test222@test222.com', 'je suis ', '109', 109, '2022-01-08 00:00:00'),
(78, 'prblm', 'a@a.com', '0888888888', 'AAAAA', 109, '2022-01-08 00:00:00'),
(79, 'wow', 'ahmed-zeroual@gmail.com', '0666666666', 'ahmed', 109, '2022-01-08 00:00:00'),
(80, 'mess test', 'test222@test222.com', 'test sauve', '109', 109, '2022-01-08 00:00:00'),
(81, 'frydfyf', 'test222@test222.com', 'test', '109', 109, '2022-01-08 17:26:32'),
(82, 'Test test', 'test@gmail.com', '', 'Test1', 71, '2022-01-10 17:03:33'),
(83, 'test', 'ahmed-zeroual@gmail.com', '0666666666', 'ahmed', 110, '2022-01-12 11:00:15'),
(84, 'test', 'facive@facive.com', 'problème de partage', '110', 110, '2022-01-12 11:03:51'),
(85, '', '', '', '', 71, '2022-01-12 11:09:14'),
(86, 'test test 1', 'test1@gmail.com', '000000000', 'test', 71, '2022-01-14 12:31:49'),
(87, 'Test cab bouhllab ', '', '', '', 71, '2022-01-20 10:05:13'),
(88, '', '', '', '', 71, '2022-01-25 11:39:55'),
(89, 'Fhioo yiop', 'fujj@fhjk.com', '0600000056', 'Dhh gjj', 127, '2022-03-26 13:50:07'),
(90, '?', 'sanaanarcissepro@gmail.com', '0620544271', 'Laoudi sanaa ', 128, '2022-04-05 14:06:46'),
(91, '?', 'sanaanarcissepro@gmail.com', '0620544271', 'Laoudi sanaa ', 128, '2022-04-05 14:06:48'),
(92, 'Pour extraire une dent ', 'beniciamorapenda@gmail.com', '0657287731', 'Benicia', 133, '2022-04-08 16:40:21'),
(93, '', '', '', 'Mehdi', 129, '2022-04-14 02:10:33'),
(94, 'zagezrhtrkuli', 'rayonnagelmr@gmail.com', '0607150725', '0607150725', 138, '2022-04-18 06:33:04'),
(95, '', 'samih2691@gmail.com', '0663797594', 'Salih abdelilah ', 136, '2022-04-28 14:16:39'),
(96, 'Les gars ont fait une belle job mais 7000$ pour 5 ballots de laine et shooter de l’eau de javel après les truss c’est cher ', 'brokarl.79@gmail.com', '', 'Brochu Karl', 151, '2022-05-18 16:57:24'),
(97, '', 'hajar.touajni@gmail.com', '0620219363', 'Hajar TOUAJNI ', 128, '2022-05-19 16:27:21'),
(98, 'Je ne suis pas satisfaite du service les filles sont bavardent trop pendant la séance et si on ne donne pas 20dhs on nous traites comme de la merde nefakhaaaa on dirait que jayin fabooor franchement je regrette d’avoir payer mon abonnement et ne pas continuer ', '', '', 'Hiba benbachir ', 128, '2022-05-25 13:52:32'),
(99, '', '', '', '', 128, '2022-05-25 13:53:06'),
(100, 'En ce qui concerne le travail tout est très bien fait \r\nPar contre le montant exigé pour le faire est exagéré \r\nJ’ai fait faire une estimation par deux autres firmes en montant le même travail que vous effectuer en montrant votre contrat \r\nComme réponse les deux firmes pouvaient le faire pour la moins que la moitié de votre évaluation \r\nDe plus, pourquoi ne pas faire effectuer ce travail par les firmes de la région ça diminuerait les coût car si on calcule tous les frais encourus pour ces déplac', 'simard.emile@yahoo.ca', '4185423194 ', 'Simard Emile ', 151, '2022-05-28 17:17:13');

-- --------------------------------------------------------

--
-- Structure de la table `questions`
--

CREATE TABLE `questions` (
  `id` int(30) NOT NULL,
  `question` text NOT NULL,
  `frm_option` text CHARACTER SET utf8mb4 COLLATE utf8mb4_unicode_ci NOT NULL,
  `type` varchar(50) NOT NULL,
  `order_by` int(11) NOT NULL,
  `survey_id` int(30) NOT NULL,
  `date_created` datetime NOT NULL DEFAULT CURRENT_TIMESTAMP
) ENGINE=InnoDB DEFAULT CHARSET=latin1;

--
-- Déchargement des données de la table `questions`
--

INSERT INTO `questions` (`id`, `question`, `frm_option`, `type`, `order_by`, `survey_id`, `date_created`) VALUES
(100, 'Quelle est la probabilité que vous nous recommandiez à un ami ou un\nproche ?', '{\"uOTEp\":\"#128545\",\"vGqVf\":\"#128548\",\"baXrR\":\"#128528\",\"qsGRh\":\"#128522\",\"dntHO\":\"#128515\",\"BWjkU\":\"#128519;\",\"lChTn\":\"#128525;\"}', 'radio_opt', 0, 11, '2021-11-14 14:55:24'),
(101, 'Quel niveau d’effort avez-vous dû déployer : Pour entrer en contact avec notre service à la clientèle', '{\"TuvNe\":\"#128545\",\"GbckJ\":\"#128548\",\"gItBq\":\"#128528\",\"lqoLa\":\"#128522\",\"hqsDn\":\"#128515\"}', 'radio_opt', 0, 9, '2021-11-14 14:57:11'),
(103, 'Quel niveau d’effort avez-vous dû déployer : Pour effectuer un achat sur notre site Internet ?', '{\"tsOFw\":\"#128545\",\"woXvk\":\"#128548\",\"dPQwE\":\"#128528\",\"Ymhvn\":\"#128522\",\"UWiDF\":\"#128515\"}', 'radio_opt', 0, 9, '2021-11-14 14:59:03'),
(105, 'Quel niveau d’effort avez-vous dû déployer : Pour utilisez notre service.\n', '{\"kyCzj\":\"#128545\",\"pYSMz\":\"#128548\",\"AZlJj\":\"#128528\",\"fThXp\":\"#128522\",\"XJdKP\":\"#128515\"}', 'radio_opt', 0, 9, '2021-11-14 15:00:26'),
(106, 'Êtes-vous satisfait de votre expérience aujourd’hui', '', 'textfield_s', 0, 10, '2021-11-14 15:01:54'),
(115, '', '[]', 'check_opt', 0, 14, '2021-12-10 21:41:58'),
(116, '', '[]', 'check_opt', 0, 14, '2021-12-10 21:42:04'),
(117, 'qest 1', '', 'textfield_s', 0, 15, '2021-12-21 21:37:16'),
(118, 'are you happy !', '{\"wmgzQ\":\"oui\",\"AonXW\":\"non\"}', 'check_opt', 0, 16, '2021-12-22 16:59:19'),
(119, 'Quel niveau d’effort avez-vous dû déployer : Pour entrer en contact avec notre service à la clientèle', '{\"TuvNe\":\"#128545\",\"GbckJ\":\"#128548\",\"gItBq\":\"#128528\",\"lqoLa\":\"#128522\",\"hqsDn\":\"#128515\"}', 'radio_opt', 0, 17, '2022-03-04 12:44:10'),
(120, 'Quel niveau d’effort avez-vous dû déployer : Pour utilisez notre service.', '{\"tsOFw\":\"#128545\",\"woXvk\":\"#128548\",\"dPQwE\":\"#128528\",\"Ymhvn\":\"#128522\",\"UWiDF\":\"#128515\"}', 'radio_opt', 0, 17, '2022-03-04 12:45:36'),
(121, 'Quelle est la probabilité que vous recommandiez à un ami ou un\r\nproche de travailler à ', '{\"uOTEp\":\"#128545\",\"vGqVf\":\"#128548\",\"baXrR\":\"#128528\",\"qsGRh\":\"#128522\",\"dntHO\":\"#128515\",\"BWjkU\":\"#128519;\",\"lChTn\":\"#128525;\"}', 'radio_opt', 0, 18, '2022-03-08 00:18:44');

-- --------------------------------------------------------

--
-- Structure de la table `survey_set`
--

CREATE TABLE `survey_set` (
  `id` int(30) NOT NULL,
  `title` varchar(200) NOT NULL,
  `description` text NOT NULL,
  `user_id` int(30) NOT NULL,
  `start_date` date NOT NULL,
  `end_date` date NOT NULL,
  `date_created` datetime NOT NULL DEFAULT CURRENT_TIMESTAMP
) ENGINE=InnoDB DEFAULT CHARSET=utf8mb4;

--
-- Déchargement des données de la table `survey_set`
--

INSERT INTO `survey_set` (`id`, `title`, `description`, `user_id`, `start_date`, `end_date`, `date_created`) VALUES
(9, 'E-CES', 'CUSTOMER EFFORT SCORE', 0, '2021-11-01', '2025-07-14', '2021-11-07 21:28:00'),
(10, 'CSAT', 'CUSTOMER SATISFACTION SCORE', 0, '2021-11-01', '2025-07-30', '2021-11-07 21:28:21'),
(11, 'NPS', 'NET PROMOTER CUSTOMER', 0, '2021-11-01', '2025-07-30', '2021-11-08 19:02:49'),
(17, 'CES', 'Simple CES', 0, '2022-03-03', '2026-12-26', '2022-03-04 12:34:27'),
(18, 'E-NPS', 'E-NPS', 0, '2022-03-02', '2026-11-08', '2022-03-08 00:14:48');

-- --------------------------------------------------------

--
-- Structure de la table `users`
--

CREATE TABLE `users` (
  `id` int(30) NOT NULL,
  `firstname` varchar(200) NOT NULL,
  `lastname` varchar(200) NOT NULL,
  `middlename` varchar(200) NOT NULL,
  `contact` varchar(100) NOT NULL,
  `address` text NOT NULL,
  `email` varchar(200) NOT NULL,
  `password` text NOT NULL,
  `type` tinyint(1) NOT NULL DEFAULT '3' COMMENT '1=Admin,2 = Client, 3= Subscriber',
  `date_created` datetime NOT NULL DEFAULT CURRENT_TIMESTAMP,
  `serv` varchar(100) NOT NULL,
  `grl` varchar(500) NOT NULL,
  `userprofile` varchar(300) NOT NULL,
  `frl` varchar(500) NOT NULL,
  `editpass` text NOT NULL,
  `tpv` varchar(500) NOT NULL,
  `ncc` varchar(1000) NOT NULL
) ENGINE=InnoDB DEFAULT CHARSET=utf8mb4;

--
-- Déchargement des données de la table `users`
--

INSERT INTO `users` (`id`, `firstname`, `lastname`, `middlename`, `contact`, `address`, `email`, `password`, `type`, `date_created`, `serv`, `grl`, `userprofile`, `frl`, `editpass`, `tpv`, `ncc`) VALUES
(1, 'Admin', 'Admin', 'compa', '+123456789', 'Sample address', 'admin@admin.com', '0192023a7bbd73250516f069df18b500', 1, '2020-11-10 08:43:06', '', '', '', '', 'admin123', '', ''),
(144, 'ayman', 'tt1', 'xconf', '0603487272', 'adress', 'ayman@gmail.com', '202cb962ac59075b964b07152d234b70', 2, '2022-04-21 16:09:45', 'E-CES,CSAT,NPS,CES,E-NPS', '', '', '', '123', '', '');

--
-- Index pour les tables déchargées
--

--
-- Index pour la table `answers`
--
ALTER TABLE `answers`
  ADD PRIMARY KEY (`id`);

--
-- Index pour la table `image`
--
ALTER TABLE `image`
  ADD PRIMARY KEY (`id`);

--
-- Index pour la table `mess`
--
ALTER TABLE `mess`
  ADD PRIMARY KEY (`id`);

--
-- Index pour la table `questions`
--
ALTER TABLE `questions`
  ADD PRIMARY KEY (`id`);

--
-- Index pour la table `survey_set`
--
ALTER TABLE `survey_set`
  ADD PRIMARY KEY (`id`);

--
-- Index pour la table `users`
--
ALTER TABLE `users`
  ADD PRIMARY KEY (`id`);

--
-- AUTO_INCREMENT pour les tables déchargées
--

--
-- AUTO_INCREMENT pour la table `answers`
--
ALTER TABLE `answers`
  MODIFY `id` int(30) NOT NULL AUTO_INCREMENT, AUTO_INCREMENT=1958;

--
-- AUTO_INCREMENT pour la table `image`
--
ALTER TABLE `image`
  MODIFY `id` int(11) NOT NULL AUTO_INCREMENT, AUTO_INCREMENT=179;

--
-- AUTO_INCREMENT pour la table `mess`
--
ALTER TABLE `mess`
  MODIFY `id` int(11) NOT NULL AUTO_INCREMENT, AUTO_INCREMENT=101;

--
-- AUTO_INCREMENT pour la table `questions`
--
ALTER TABLE `questions`
  MODIFY `id` int(30) NOT NULL AUTO_INCREMENT, AUTO_INCREMENT=122;

--
-- AUTO_INCREMENT pour la table `survey_set`
--
ALTER TABLE `survey_set`
  MODIFY `id` int(30) NOT NULL AUTO_INCREMENT, AUTO_INCREMENT=19;

--
-- AUTO_INCREMENT pour la table `users`
--
ALTER TABLE `users`
  MODIFY `id` int(30) NOT NULL AUTO_INCREMENT, AUTO_INCREMENT=153;
COMMIT;

/*!40101 SET CHARACTER_SET_CLIENT=@OLD_CHARACTER_SET_CLIENT */;
/*!40101 SET CHARACTER_SET_RESULTS=@OLD_CHARACTER_SET_RESULTS */;
/*!40101 SET COLLATION_CONNECTION=@OLD_COLLATION_CONNECTION */;
